GEOID,Municipality,Population,Need Cohort,Limited Revenue Capacity,Economic Need,Demographic Vulnerability
1700113,Abingdon,3051,4,8,10,2
1700230,Addieville,238,1,4,2,5
1700243,Addison,36482,3,1,8,9
1700295,Adeline,80,3,5,5,5
1700516,Albany,863,1,4,3,1
1700555,Albers,1135,2,4,3,7
1700568,Albion,1899,4,5,9,6
1700646,Aledo,3432,2,5,6,2
1700672,Alexis,777,2,7,3,2
1700685,Algonquin,30897,2,1,2,9
1700737,Alhambra,650,2,5,4,4
1700815,Allendale,477,3,8,5,5
1700867,Allenville,141,4,9,5,5
1700880,Allerton,266,2,7,6,1
1700919,Alma,303,3,8,8,1
1700958,Alorton,1901,5,8,10,8
1700971,Alpha,635,2,6,2,5
1700997,Alsey,210,3,8,5,4
1701010,Alsip,18709,4,2,8,9
1701049,Altamont,2339,2,5,7,1
1701114,Alton,26208,5,5,10,7
1701140,Altona,497,2,7,3,3
1701205,Alto Pass,362,4,7,7,7
1701242,Alvan,249,3,8,4,5
1701270,Amboy,2321,3,6,5,6
1701361,Anchor,140,1,4,3,2
1701426,Andalusia,1148,3,3,6,7
1701491,Andover,572,3,5,6,6
1701543,Anna,4100,5,5,10,7
1701569,Annawan,853,1,1,2,7
1701595,Antioch,14175,1,2,1,7
1701673,Apple River,343,3,8,5,5
1701881,Arcola,2831,4,4,8,9
1701946,Arenzville,367,3,5,4,6
1701972,Argenta,877,2,6,4,3
1702102,Arlington,181,5,6,8,9
1702154,Arlington Heights,74760,1,1,1,8
1702206,Armington,323,2,7,2,4
1702258,Aroma Park,682,4,3,8,8
1702342,Arrowsmith,276,1,6,4,1
1702414,Arthur,2200,3,3,7,6
1702479,Ashkum,693,2,4,4,6
1702505,Ashland,1191,1,6,2,2
1702531,Ashley,490,3,7,4,5
1702557,Ashmore,749,2,7,5,1
1702583,Ashton,891,3,5,7,3
1702609,Assumption,1066,4,5,7,7
1702635,Astoria,1036,3,8,9,1
1702674,Athens,1908,1,5,2,2
1702726,Atkinson,964,1,3,4,1
1702752,Atlanta,1600,2,4,3,6
1702882,Atwood,1158,4,7,7,6
1702921,Auburn,4623,2,5,5,2
1702986,Augusta,543,4,8,8,3
1703012,Aurora,197757,4,3,7,9
1703103,Ava,612,3,8,5,3
1703181,Aviston,2136,1,3,1,1
1703207,Avon,714,3,8,7,1
1703454,Baldwin,340,4,7,9,5
1703571,Banner,182,3,8,7,1
1703610,Bannockburn,1506,1,1,1,8
1703675,Bardolph,232,3,9,5,4
1703844,Barrington,10217,1,1,1,8
1703883,Barrington Hills,4190,1,1,1,8
1703948,Barry,1247,3,5,8,5
1704000,Bartelso,610,1,4,2,4
1704013,Bartlett,40647,2,2,2,9
1704039,Bartonville,6113,3,4,6,7
1704052,Basco,89,4,10,8,3
1704078,Batavia,26420,1,1,1,8
1704117,Batchtown,198,1,6,2,1
1704156,Bath,308,4,10,10,1
1704247,Baylis,196,4,10,9,2
1704273,Bay View Gardens,412,3,6,7,5
1704303,Beach Park,13701,4,4,6,9
1704351,Beardstown,5446,5,8,10,9
1704507,Beaverville,326,5,9,7,7
1704533,Beckemeyer,1008,1,6,1,4
1704572,Bedford Park,604,3,1,6,9
1704585,Beecher,4427,2,2,4,7
1704598,Beecher City,453,3,9,2,5
1704689,Belgium,367,5,9,9,6
1704715,Belknap,106,4,10,10,1
1704793,Belle Prairie City,50,2,6,5,2
1704806,Belle Rive,350,5,7,10,8
1704845,Belleville,40897,4,5,6,8
1704871,Bellevue,2049,3,5,4,6
1704897,Bellflower,344,1,7,3,1
1704936,Bellmont,267,4,9,5,5
1704975,Bellwood,18672,5,5,9,10
1705092,Belvidere,25143,5,5,10,9
1705144,Bement,1667,3,6,6,4
1705209,Benld,1422,5,9,10,5
1705248,Bensenville,18044,4,1,8,10
1705261,Benson,409,1,4,3,1
1705274,Bentley,33,3,6,8,3
1705300,Benton,6851,4,7,10,3
1705404,Berkeley,5048,4,3,8,10
1705443,Berlin,174,1,7,3,1
1705573,Berwyn,54391,5,5,9,10
1705599,Bethalto,9210,1,4,2,3
1705612,Bethany,1239,1,7,1,1
1705898,Biggsville,278,3,6,6,4
1705976,Big Rock,1129,1,2,2,6
1706028,Bingham,80,5,10,8,6
1706171,Bishop Hill,122,2,5,2,5
1706184,Bismarck,530,2,7,4,3
1706470,Blandinsville,595,3,7,6,5
1706587,Bloomingdale,21779,2,1,3,9
1706613,Bloomington,77330,2,2,3,8
1706704,Blue Island,22899,5,6,10,10
1706756,Blue Mound,1072,4,6,8,6
1706899,Bluffs,659,5,8,9,5
1706964,Bluford,669,5,9,9,4
1707133,Bolingbrook,74545,3,2,4,9
1707211,Bondville,431,2,4,4,6
1707224,Bone Gap,234,4,10,5,6
1707237,Bonfield,356,1,4,4,3
1707263,Bonnie,381,5,8,10,8
1707471,Bourbonnais,19462,2,3,4,7
1707510,Bowen,457,4,9,8,3
1707640,Braceville,759,3,4,7,5
1707692,Bradford,682,3,8,8,2
1707744,Bradley,15314,3,3,6,8
1707770,Braidwood,6186,1,3,4,4
1707913,Breese,4483,1,3,1,4
1708186,Bridgeport,1705,3,9,6,1
1708225,Bridgeview,16096,4,2,9,9
1708264,Brighton,2131,1,5,4,1
1708303,Brimfield,828,1,4,1,6
1708420,Broadlands,337,1,4,2,3
1708446,Broadview,7618,3,1,8,9
1708472,Broadwell,136,4,5,7,8
1708524,Brocton,293,5,10,7,5
1708576,Brookfield,18310,2,3,2,9
1708667,Brooklyn,698,5,9,10,9
1708706,Brookport,826,5,10,10,6
1708875,Broughton,186,2,9,4,1
1708953,Browning,123,3,10,4,1
1708979,Browns,129,2,8,5,1
1708992,Brownstown,727,4,9,9,1
1709148,Brussels,131,1,6,2,1
1709161,Bryant,213,4,9,8,4
1709304,Buckingham,278,2,7,4,3
1709317,Buckley,542,4,7,7,6
1709330,Buckner,440,5,9,9,4
1709356,Buda,501,4,8,6,5
1709434,Buffalo,480,2,6,4,2
1709447,Buffalo Grove,40494,1,1,1,9
1709531,Bull Valley,1084,1,1,1,7
1709538,Bulpitt,201,5,10,8,4
1709551,Buncombe,203,2,9,2,3
1709577,Bunker Hill,1687,4,6,8,6
1709642,Burbank,28289,5,4,9,9
1709681,Bureau Junction,300,5,8,8,9
1709759,Burlington,620,1,2,2,7
1709798,Burnham,4088,5,6,10,9
1709889,Burnt Prairie,48,4,8,7,4
1709980,Burr Ridge,10758,1,1,1,9
1710084,Bush,267,5,10,10,4
1710110,Bushnell,2866,5,8,9,5
1710149,Butler,165,2,9,1,4
1710240,Byron,3668,2,3,2,7
1710292,Cabery,246,3,7,6,3
1710370,Cahokia,13880,5,10,10,9
1710383,Cairo,2082,5,9,10,8
1710422,Caledonia,193,3,3,5,8
1710448,Calhoun,166,3,9,7,1
1710487,Calumet City,35913,5,6,10,9
1710513,Calumet Park,7602,5,6,10,9
1710591,Camargo,447,3,6,6,6
1710630,Cambria,1463,5,7,9,6
1710643,Cambridge,2078,3,6,6,6
1710695,Camden,78,5,10,10,7
1710773,Campbell Hill,310,3,7,5,3
1710877,Camp Point,1093,3,5,7,4
1710906,Campton Hills,11091,1,1,1,6
1710916,Campus,157,3,8,3,4
1711007,Canton,13506,5,6,9,7
1711033,Cantrall,133,1,6,1,1
1711124,Capron,1362,5,6,8,8
1711150,Carbon Cliff,1957,5,5,10,9
1711163,Carbondale,25083,5,6,9,8
1711176,Carbon Hill,335,1,3,1,5
1711202,Carlinville,5481,4,6,10,3
1711215,Carlock,557,1,4,1,5
1711228,Carlyle,3186,3,4,6,6
1711293,Carmi,4811,3,6,7,4
1711332,Carol Stream,39203,2,1,4,9
1711358,Carpentersville,37254,5,4,9,9
1711397,Carrier Mills,1552,5,10,9,4
1711462,Carrollton,2398,1,6,2,1
1711514,Carterville,5847,3,4,5,7
1711527,Carthage,2457,3,5,4,7
1711592,Cary,18067,2,2,2,9
1711618,Casey,2620,4,6,8,5
1711644,Caseyville,4110,4,5,7,7
1711774,Catlin,1926,1,5,2,4
1711826,Cave-In-Rock,280,5,9,10,3
1711982,Cedar Point,256,4,6,7,8
1712008,Cedarville,689,2,6,3,4
1712151,Central City,1115,5,9,10,9
1712164,Centralia,12210,5,7,10,7
1712203,Centreville,4897,5,10,10,8
1712268,Cerro Gordo,1347,1,7,3,1
1712294,Chadwick,516,2,7,4,3
1712385,Champaign,88909,3,3,5,9
1712450,Chandlerville,494,1,7,2,2
1712476,Channahon,13239,2,1,3,8
1712528,Chapin,478,3,7,8,1
1712567,Charleston,20117,5,7,9,7
1712684,Chatham,13008,1,2,1,6
1712710,Chatsworth,1115,5,9,8,7
1712801,Chebanse,971,3,4,5,6
1712931,Chenoa,1723,1,5,1,5
1712970,Cherry,453,1,6,3,2
1713074,Cherry Valley,2877,2,1,3,8
1713139,Chester,8213,5,8,9,8
1713165,Chesterfield,177,2,7,4,1
1714000,Chicago,2693976,3,1,8,9
1714026,Chicago Heights,29322,5,6,10,9
1714065,Chicago Ridge,13928,4,2,9,9
1714117,Chillicothe,6012,3,4,8,6
1714273,Chrisman,1265,3,8,3,7
1714286,Christopher,2717,4,8,10,1
1714351,Cicero,80796,5,7,10,10
1714442,Cisco,242,1,4,3,1
1714455,Cisne,660,5,8,9,7
1714468,Cissna Park,779,2,5,4,3
1714533,Claremont,170,3,8,7,1
1714572,Clarendon Hills,8752,1,1,1,8
1714715,Clay City,911,4,8,5,6
1714767,Clayton,673,4,8,7,4
1714845,Clear Lake,220,5,8,10,4
1714923,Cleveland,182,4,6,7,7
1714936,Clifton,1321,3,4,5,7
1715001,Clinton,6857,4,5,9,7
1715170,Coal City,5409,1,2,3,6
1715209,Coalton,286,2,7,5,1
1715235,Coal Valley,3723,1,3,1,3
1715261,Coatsburg,142,1,6,4,1
1715300,Cobden,1064,5,8,8,7
1715352,Coffeen,644,5,8,10,7
1715378,Colchester,1288,3,8,8,1
1715469,Coleta,152,1,7,2,2
1715495,Colfax,1013,1,6,3,2
1715599,Collinsville,24395,3,3,6,7
1715664,Colona,5120,4,5,8,8
1715807,Colp,210,5,9,10,4
1715833,Columbia,10513,1,2,1,6
1715846,Columbus,96,1,7,3,1
1715989,Compton,283,4,8,6,6
1716054,Concord,154,2,5,8,1
1716119,Congerville,492,1,3,1,4
1716210,Cooksville,179,1,3,3,2
1716366,Cordova,645,3,3,6,6
1716405,Cornell,455,3,7,5,5
1716470,Cortland,4408,3,4,4,8
1716613,Coulterville,895,4,6,7,6
1716691,Country Club Hills,16482,5,6,8,9
1716873,Countryside,5933,2,1,2,9
1717055,Cowden,579,3,9,8,1
1717185,Crainville,1400,2,3,4,7
1717289,Creal Springs,527,4,9,8,4
1717406,Crescent City,556,3,6,4,6
1717458,Crest Hill,20376,4,3,7,9
1717471,Creston,647,4,5,7,9
1717497,Crestwood,10706,2,1,4,7
1717523,Crete,8023,3,3,4,9
1717549,Creve Coeur,5169,4,7,9,5
1717783,Crossville,689,4,9,9,1
1717887,Crystal Lake,39829,2,2,2,8
1717991,Cuba,1170,4,8,8,4
1718030,Cullom,522,2,5,3,4
1718147,Curran,207,1,3,1,5
1718225,Cutler,413,4,10,8,1
1718251,Cypress,235,4,10,10,1
1718303,Dahlgren,502,3,8,5,2
1718342,Dakota,468,3,7,3,5
1718420,Dallas City,872,3,7,4,4
1718446,Dalton City,501,3,7,4,5
1718459,Dalzell,659,4,5,7,8
1718472,Damiansville,489,2,4,3,7
1718485,Dana,150,4,7,6,7
1718498,Danforth,552,3,7,4,6
1718537,Danvers,1100,1,5,1,5
1718563,Danville,30479,5,6,9,8
1718628,Darien,21628,1,1,1,8
1718706,Davis,627,2,5,3,5
1718719,Davis Junction,2344,3,4,7,7
1718745,Dawson,482,2,6,4,2
1718823,Decatur,70746,4,5,8,7
1718940,Deer Creek,663,1,4,1,1
1718992,Deerfield,18646,1,1,1,7
1719031,Deer Grove,45,3,3,8,6
1719083,Deer Park,4225,1,1,1,7
1719161,DeKalb,42847,5,4,9,9
1719200,De Land,425,1,6,1,1
1719226,Delavan,1616,2,5,4,5
1719499,De Pue,1683,5,9,8,9
1719616,De Soto,1502,5,8,9,7
1719642,Des Plaines,58899,3,1,5,9
1719681,Detroit,81,3,8,9,1
1719798,De Witt,176,1,7,2,2
1719837,Diamond,2506,1,3,2,6
1719915,Dieterich,595,1,2,2,6
1720045,Divernon,1105,1,4,4,3
1720123,Dix,440,2,6,4,3
1720149,Dixmoor,3563,5,7,10,10
1720162,Dixon,15115,4,5,7,8
1720292,Dolton,22348,5,7,10,9
1720305,Dongola,678,3,9,8,1
1720318,Donnellson,195,5,10,10,7
1720331,Donovan,274,4,7,7,7
1720370,Dorchester,138,3,7,6,5
1720526,Dover,153,3,8,3,6
1720565,Dowell,386,5,10,9,7
1720591,Downers Grove,49057,1,1,1,8
1720643,Downs,951,1,2,1,7
1720890,Du Bois,189,3,6,4,5
1721098,Dunfermline,283,3,7,7,1
1721176,Dunlap,1448,1,2,1,6
1721254,Dupo,3877,3,4,9,3
1721267,Du Quoin,5670,4,7,10,3
1721280,Durand,1394,2,5,3,5
1721358,Dwight,3984,3,3,7,5
1721410,Eagarville,120,5,8,10,5
1721540,Earlville,1587,4,5,7,7
1721553,East Alton,5954,4,7,9,3
1721579,East Brooklyn,105,3,4,7,5
1721605,East Cape Girardeau,286,5,9,10,4
1721618,East Carondelet,473,4,9,9,3
1721683,East Dubuque,1569,1,2,3,4
1721696,East Dundee,3216,1,1,2,7
1721826,East Galesburg,774,1,4,3,4
1721852,East Gillespie,262,5,6,10,7
1721904,East Hazel Crest,1497,3,4,5,9
1722073,East Moline,20645,5,5,9,9
1722151,Easton,287,3,8,4,3
1722164,East Peoria,22546,1,3,3,5
1722255,East St. Louis,26047,5,10,10,9
1722398,Eddyville,98,4,7,9,3
1722567,Edgewood,430,4,7,5,7
1722645,Edinburg,1012,1,6,3,1
1722697,Edwardsville,25233,2,1,4,7
1722736,Effingham,12511,3,2,6,7
1722931,Elburn,5997,1,1,1,7
1722957,El Dara,76,3,9,6,1
1723009,Eldorado,3910,5,9,10,3
1723022,Eldred,186,4,9,8,2
1723074,Elgin,110849,4,2,8,9
1723165,Elizabeth,722,3,4,7,6
1723191,Elizabethtown,273,4,8,10,3
1723256,Elk Grove Village,32400,2,1,2,9
1723269,Elkhart,390,3,1,7,8
1723373,Elkville,863,5,9,9,7
1723425,Elliott,269,3,7,8,1
1723503,Ellis Grove,348,2,8,3,1
1723529,Ellisville,92,3,9,7,1
1723555,Ellsworth,198,1,4,4,1
1723620,Elmhurst,46746,1,1,1,7
1723698,Elmwood,2011,2,4,2,6
1723724,Elmwood Park,24098,4,3,7,9
1723737,El Paso,2730,1,4,3,2
1723776,Elsah,606,2,7,2,4
1723841,Elvaston,154,3,7,6,5
1723945,Elwood,2226,1,1,2,7
1723971,Emden,460,1,4,2,5
1724062,Emington,108,2,7,3,4
1724166,Energy,1109,3,5,2,8
1724179,Enfield,552,4,9,7,4
1724348,Equality,518,5,10,10,6
1724374,Erie,1499,1,4,2,5
1724452,Essex,758,1,3,4,3
1724543,Eureka,5283,2,5,6,3
1724582,Evanston,73473,2,1,3,9
1724608,Evansville,647,2,6,6,1
1724634,Evergreen Park,19147,2,3,2,9
1724673,Ewing,296,5,9,9,6
1724699,Exeter,60,4,7,9,5
1724764,Fairbury,3622,2,4,5,4
1724816,Fairfield,4936,4,6,7,7
1724933,Fairmont City,2453,5,6,10,10
1724985,Fairmount,596,3,8,6,1
1725063,Fairview,471,1,6,4,1
1725141,Fairview Heights,16303,3,2,5,8
1725375,Farina,499,3,4,9,4
1725414,Farmer City,1936,2,5,6,1
1725440,Farmersville,671,2,5,5,4
1725531,Farmington,2223,4,5,9,5
1725713,Fayetteville,339,4,7,6,6
1725895,Ferris,143,3,7,4,4
1725960,Fidelity,112,5,10,9,7
1726012,Fieldon,218,2,7,5,1
1726077,Fillmore,310,5,9,10,7
1726116,Findlay,638,2,6,3,4
1726194,Fisher,1937,1,4,1,1
1726233,Fithian,449,2,6,4,4
1726311,Flanagan,1064,3,5,5,5
1726350,Flat Rock,307,2,9,4,1
1726454,Flora,4852,5,6,9,7
1726480,Florence,37,2,2,9,1
1726571,Flossmoor,9155,2,2,3,9
1726662,Foosland,98,1,8,1,1
1726710,Ford Heights,2682,5,10,10,9
1726753,Forest City,225,3,8,7,1
1726935,Forest Park,13704,3,2,4,9
1726987,Forest View,666,4,1,9,10
1727026,Forrest,1135,4,5,6,8
1727065,Forreston,1341,3,6,5,5
1727091,Forsyth,3479,1,1,1,5
1727442,Fox Lake,10451,3,2,5,8
1727533,Fox River Grove,4573,1,1,1,6
1727624,Frankfort,19373,1,1,1,7
1727663,Franklin,598,2,6,5,1
1727689,Franklin Grove,938,2,6,2,5
1727702,Franklin Park,17627,3,1,8,9
1727806,Freeburg,4242,1,3,2,4
1727858,Freeman Spur,279,5,10,9,3
1727884,Freeport,23775,5,7,9,7
1728144,Fulton,3315,1,4,2,5
1728170,Fults,28,1,5,1,1
1728261,Galatia,880,5,8,8,6
1728300,Galena,3158,1,1,2,8
1728326,Galesburg,30197,4,5,9,7
1728430,Galva,2478,4,4,9,7
1728638,Gardner,1381,3,4,7,5
1728742,Garrett,158,5,10,7,7
1728807,Gays,254,4,9,5,5
1728846,Geneseo,6495,1,2,2,1
1728872,Geneva,21809,1,1,1,7
1728898,Genoa,5237,4,4,8,7
1728963,Georgetown,3185,5,8,10,6
1729041,Germantown,1274,1,3,1,4
1729080,Germantown Hills,3423,1,2,1,4
1729093,German Valley,425,1,5,4,2
1729125,Gibson City,3233,3,3,9,4
1729145,Gifford,1048,2,4,3,5
1729171,Gilberts,8076,1,2,1,7
1729236,Gillespie,3088,5,7,10,7
1729275,Gilman,1652,4,4,8,9
1729392,Girard,2000,2,7,3,4
1729431,Gladstone,264,3,7,6,4
1729483,Glasford,957,1,6,3,1
1729496,Glasgow,132,3,9,5,4
1729639,Glen Carbon,12850,1,2,1,7
1729652,Glencoe,8826,1,1,1,7
1729730,Glendale Heights,33617,3,2,7,9
1729756,Glen Ellyn,27714,1,1,1,7
1729938,Glenview,47308,1,1,1,9
1730029,Glenwood,8715,5,5,9,9
1730094,Godfrey,17400,1,3,2,5
1730120,Godley,756,3,7,7,4
1730133,Golconda,631,5,8,10,4
1730159,Golden,617,3,6,7,4
1730250,Golden Gate,65,1,5,4,1
1730328,Golf,493,1,1,1,7
1730445,Goodfield,986,1,1,1,3
1730458,Good Hope,364,3,7,6,5
1730575,Goreville,1060,1,3,2,3
1730588,Gorham,219,5,8,10,5
1730653,Grafton,640,2,1,8,3
1730757,Grand Ridge,525,2,5,3,6
1730770,Grand Tower,564,5,10,10,5
1730835,Grandview,1383,5,8,10,6
1730926,Granite City,28158,4,5,9,7
1730978,Grantfork,343,1,4,2,4
1730991,Grant Park,1249,3,3,5,7
1731017,Granville,1308,1,5,3,3
1731121,Grayslake,20725,2,2,2,8
1731165,Grayville,1565,3,7,8,1
1731368,Greenfield,988,3,7,9,2
1731446,Green Oaks,3897,1,1,1,8
1731524,Greenup,1490,2,4,9,1
1731563,Green Valley,643,3,6,4,5
1731576,Greenview,724,1,6,2,2
1731589,Greenville,6417,5,6,9,7
1731667,Greenwood,226,1,1,2,7
1731732,Gridley,1398,1,4,1,5
1731771,Griggsville,1150,4,8,9,2
1731992,Gulf Port,47,1,1,6,4
1732018,Gurnee,30378,2,1,2,9
1732200,Hainesville,3557,3,3,5,9
1732395,Hamburg,119,4,8,10,3
1732408,Hamel,810,1,2,2,2
1732434,Hamilton,2715,2,4,7,2
1732499,Hammond,479,3,7,6,4
1732525,Hampshire,6251,1,1,2,8
1732564,Hampton,1742,4,3,9,9
1732616,Hanaford,322,5,10,9,6
1732668,Hanna City,1192,2,4,1,7
1732707,Hanover,768,5,8,8,6
1732746,Hanover Park,37426,4,3,7,9
1732850,Hardin,900,4,6,10,3
1732967,Harmon,111,3,4,4,7
1733136,Harrisburg,8513,5,7,10,7
1733227,Harristown,1292,2,5,6,3
1733279,Hartford,1341,2,1,9,3
1733318,Hartsburg,307,2,5,2,5
1733331,Harvard,9060,5,4,10,9
1733357,Harvel,211,3,7,4,4
1733383,Harvey,24408,5,7,10,9
1733435,Harwood Heights,8333,3,1,7,9
1733513,Havana,2987,3,7,10,1
1733630,Hawthorn Woods,8666,1,1,1,8
1733695,Hazel Crest,13565,5,7,8,9
1733851,Hebron,1183,3,3,5,7
1733877,Hecker,478,1,5,1,1
1734007,Henderson,244,2,6,2,5
1734098,Hennepin,705,2,1,3,8
1734137,Henning,234,2,3,4,5
1734163,Henry,2209,2,5,8,1
1734332,Herrick,431,4,10,8,1
1734358,Herrin,12687,4,5,8,7
1734384,Herscher,1504,2,3,5,6
1734423,Hettick,171,4,8,9,4
1734449,Heyworth,2867,2,4,1,7
1734514,Hickory Hills,13710,4,3,8,9
1734553,Hidalgo,105,3,9,5,2
1734670,Highland,9834,3,3,5,7
1734722,Highland Park,29515,1,1,1,7
1734865,Highwood,5224,3,2,5,9
1734982,Hillcrest,1225,4,5,7,9
1735047,Hillsboro,5970,4,8,7,6
1735073,Hillsdale,505,3,6,6,6
1735086,Hillside,7933,3,2,7,9
1735203,Hillview,177,4,10,8,2
1735268,Hinckley,2050,1,2,3,5
1735281,Hindsboro,296,5,9,7,6
1735307,Hinsdale,17637,1,1,1,8
1735385,Hodgkins,1971,4,1,9,9
1735398,Hoffman,483,5,6,10,7
1735411,Hoffman Estates,50932,2,1,2,9
1735515,Holiday Hills,579,3,3,4,8
1735671,Hollowayville,86,5,10,8,9
1735814,Homer,1159,1,5,2,3
1735835,Homer Glen,24472,1,1,1,8
1735866,Hometown,4177,4,6,7,8
1735879,Homewood,18703,3,3,3,9
1736061,Hoopeston,5009,5,8,10,9
1736074,Hooppole,191,2,7,4,1
1736126,Hopedale,825,1,3,2,4
1736150,Hopewell,398,1,3,3,1
1736190,Hopkins Park,598,5,9,10,9
1736347,Hoyleton,494,3,7,5,6
1736438,Hudson,1813,1,3,1,5
1736477,Huey,163,3,7,6,2
1736516,Hull,433,4,8,8,5
1736542,Humboldt,418,3,8,8,2
1736568,Hume,347,4,8,7,5
1736750,Huntley,27228,1,1,1,8
1736815,Hurst,786,5,9,10,4
1736841,Hutsonville,522,1,8,2,1
1737127,Illiopolis,842,2,6,4,2
1737179,Ina,2279,5,10,10,8
1737218,Indian Creek,535,2,1,2,9
1737257,Indian Head Park,3719,1,1,1,8
1737348,Indianola,257,3,9,6,1
1737439,Industry,438,3,9,5,4
1737608,Inverness,7376,1,1,1,9
1737621,Iola,136,4,9,8,3
1737647,Ipava,421,5,8,9,6
1737712,Iroquois,137,4,6,7,7
1737738,Irving,462,4,9,10,1
1737777,Irvington,613,3,7,5,6
1737803,Irwin,74,2,3,5,6
1737894,Island Lake,8020,2,2,3,8
1737907,Itasca,9805,1,1,1,9
1737933,Iuka,464,4,9,6,4
1737998,Ivesdale,252,1,4,2,3
1738115,Jacksonville,18603,4,5,9,7
1738323,Jeffersonville,359,5,10,9,7
1738349,Jeisyville,101,4,9,8,4
1738375,Jerome,1588,3,3,6,8
1738414,Jerseyville,8200,3,4,5,7
1738427,Jewett,220,5,9,7,6
1738479,Johnsburg,6368,1,1,1,5
1738531,Johnsonville,77,5,10,9,7
1738544,Johnston City,3389,4,9,9,1
1738570,Joliet,147344,3,2,7,9
1738635,Jonesboro,1700,3,7,6,2
1738674,Joppa,303,4,10,6,3
1738739,Joy,382,5,7,10,5
1738778,Junction,111,5,10,10,6
1738791,Junction City,466,5,10,10,3
1738830,Justice,12608,5,5,10,9
1738856,Kampsville,304,4,8,10,3
1738869,Kane,404,4,10,9,2
1738895,Kaneville,480,1,2,2,6
1738921,Kangley,233,5,8,8,7
1738934,Kankakee,26024,5,7,10,9
1738986,Kansas,719,3,8,6,1
1739038,Kappa,240,1,4,3,2
1739077,Karnak,434,5,10,10,7
1739129,Kaskaskia,13,4,1,10,8
1739233,Keenes,80,4,10,6,4
1739259,Keensburg,201,4,9,5,5
1739298,Keithsburg,580,5,8,10,5
1739324,Kell,207,4,10,6,4
1739441,Kempton,206,3,8,7,3
1739519,Kenilworth,2475,1,1,1,6
1739532,Kenney,313,2,5,3,6
1739727,Kewanee,12339,5,8,10,8
1739753,Keyesport,405,3,7,6,5
1739857,Kilbourne,276,4,8,10,1
1739883,Kildeer,4012,1,1,1,8
1739909,Kincaid,1372,4,8,8,4
1739922,Kinderhook,208,4,7,8,5
1740065,Kingston,1169,3,3,8,7
1740091,Kingston Mines,282,1,5,3,1
1740117,Kinmundy,755,3,9,8,1
1740143,Kinsman,97,3,4,6,6
1740156,Kirkland,1729,4,4,8,7
1740182,Kirkwood,675,2,7,3,2
1740416,Knoxville,2726,3,5,5,5
1740559,Lacon,1739,3,6,5,4
1740598,Ladd,1195,4,5,7,8
1740676,La Fayette,200,4,10,8,2
1740767,La Grange,15322,1,1,1,7
1740793,La Grange Park,13178,1,2,1,8
1740832,La Harpe,1143,4,8,7,4
1740884,Lake Barrington,4868,1,1,1,7
1740910,Lake Bluff,5562,1,1,1,7
1741105,Lake Forest,19446,1,1,1,7
1741183,Lake in the Hills,28634,1,2,1,8
1741214,Lake Ka-Ho,221,5,9,10,5
1741326,Lakemoor,5967,2,2,2,8
1741586,Lake Villa,8573,1,2,1,8
1741651,Lakewood,4001,1,1,1,7
1741742,Lake Zurich,19877,1,1,1,9
1741794,La Moille,679,1,6,3,2
1741859,Lanark,1333,3,6,6,6
1742028,Lansing,27402,5,4,9,9
1742080,La Prairie,45,3,5,7,4
1742171,La Rose,130,5,8,7,7
1742184,LaSalle,8986,4,4,8,8
1742249,Latham,364,1,5,2,4
1742405,Lawrenceville,4399,5,8,9,5
1742457,Leaf River,406,2,5,2,6
1742496,Lebanon,4238,2,5,3,5
1742587,Lee,327,3,5,5,5
1742756,Leland,914,2,4,4,6
1742769,Leland Grove,1464,1,1,1,7
1742795,Lemont,17291,1,1,1,8
1742834,Lena,2719,2,4,3,5
1742860,Lenzburg,487,4,7,6,6
1742912,Leonore,123,4,6,6,7
1742938,Lerna,273,3,9,3,5
1742971,Le Roy,3493,1,4,4,1
1743055,Lewistown,2146,4,7,9,5
1743094,Lexington,2026,1,3,1,5
1743133,Liberty,503,1,5,4,1
1743250,Libertyville,20205,1,1,1,8
1743406,Lily Lake,1023,1,1,1,5
1743445,Lima,148,2,7,4,1
1743510,Limestone,1522,1,3,1,1
1743536,Lincoln,13524,3,6,7,5
1743666,Lincolnshire,7893,1,1,1,8
1743744,Lincolnwood,12245,2,1,3,9
1743770,Lindenhurst,14216,2,2,2,8
1743900,Lisbon,308,3,4,5,9
1743939,Lisle,23270,1,1,1,8
1743965,Litchfield,6715,3,4,9,4
1744056,Littleton,160,5,9,10,7
1744082,Little York,311,2,9,3,2
1744121,Liverpool,123,3,10,7,1
1744160,Livingston,804,3,7,4,4
1744173,Loami,750,1,6,3,1
1744225,Lockport,25615,1,2,2,7
1744264,Loda,398,4,7,7,6
1744381,Lomax,401,3,8,5,2
1744407,Lombard,44303,2,1,2,9
1744446,London Mills,376,3,9,7,1
1744498,Long Creek,1273,2,3,4,6
1744524,Long Grove,7905,1,1,1,9
1744576,Long Point,214,3,6,5,5
1744602,Longview,148,2,8,2,3
1744719,Loraine,302,2,8,4,1
1744823,Lostant,480,4,6,6,7
1744927,Louisville,1095,4,7,8,6
1745031,Loves Park,23371,3,3,6,8
1745044,Lovington,1026,3,8,4,5
1745174,Ludlow,356,3,7,3,5
1745278,Lyndon,610,2,7,2,5
1745369,Lynnville,111,2,9,4,1
1745421,Lynwood,9194,4,4,8,9
1745434,Lyons,10372,4,4,7,9
1745525,McClure,301,NA,NA,10,4
1745564,McCook,220,4,1,9,9
1745616,McCullom Lake,1008,5,4,9,9
1745642,Macedonia,63,4,9,7,4
1745694,McHenry,27061,2,2,3,8
1745726,Machesney Park,22677,3,4,7,7
1745785,Mackinaw,1884,1,4,1,1
1745811,McLean,795,2,4,4,6
1745824,McLeansboro,2746,4,8,6,6
1745850,McNabb,260,3,5,3,8
1745889,Macomb,17413,5,6,9,7
1745941,Macon,1112,1,5,1,5
1745993,Madison,3758,5,6,10,8
1746058,Maeystown,162,1,4,1,2
1746110,Magnolia,248,4,8,3,8
1746136,Mahomet,8605,1,2,1,4
1746214,Makanda,530,1,2,3,5
1746240,Malden,341,3,7,3,6
1746279,Malta,1158,1,4,2,4
1746331,Manchester,269,3,8,5,4
1746357,Manhattan,8240,1,2,2,4
1746383,Manito,1486,2,6,7,1
1746422,Manlius,334,2,6,6,1
1746487,Mansfield,948,1,5,1,1
1746500,Manteno,9002,3,3,6,6
1746604,Maple Park,1365,2,2,3,8
1746643,Mapleton,269,1,2,3,1
1746695,Maquon,260,2,8,5,1
1746786,Marengo,7437,2,3,3,8
1746825,Marietta,109,5,9,9,6
1746864,Marine,922,1,4,1,6
1746916,Marion,17520,3,2,8,5
1746955,Marissa,1806,4,7,6,6
1746981,Mark,539,1,4,3,3
1747007,Markham,12314,5,6,10,9
1747072,Maroa,1711,2,6,4,3
1747111,Marquette Heights,2645,3,6,7,5
1747150,Marseilles,4834,4,5,9,7
1747163,Marshall,3811,4,5,8,6
1747254,Martinsville,1088,5,9,8,5
1747280,Martinton,343,4,6,7,7
1747397,Maryville,7952,1,2,2,6
1747423,Mascoutah,7994,2,3,4,6
1747449,Mason,336,4,9,5,7
1747475,Mason City,2119,3,8,8,1
1747527,Matherville,662,1,6,2,3
1747540,Matteson,19448,3,3,5,9
1747553,Mattoon,17615,3,5,8,3
1747592,Maunie,130,5,10,8,7
1747774,Maywood,23158,5,6,10,10
1747787,Mazon,967,3,3,6,6
1748021,Mechanicsburg,661,1,4,4,2
1748073,Media,94,1,4,5,2
1748138,Medora,392,2,9,4,1
1748242,Melrose Park,24703,5,2,10,10
1748268,Melvin,410,3,8,5,2
1748307,Mendon,961,2,7,4,1
1748333,Mendota,6994,5,5,8,9
1748359,Menominee,240,1,4,3,4
1748424,Meredosia,972,3,8,8,1
1748554,Merrionette Park,1858,4,2,9,9
1748606,Metamora,3699,1,3,2,6
1748632,Metcalf,171,5,10,7,5
1748645,Metropolis,5945,5,6,10,7
1748671,Mettawa,543,1,1,1,8
1748853,Middletown,304,5,8,7,8
1748892,Midlothian,14346,5,5,8,9
1749009,Milan,4991,2,2,5,7
1749048,Milford,1171,5,9,9,5
1749100,Millbrook,328,1,2,1,7
1749178,Mill Creek,64,3,9,8,1
1749191,Milledgeville,952,2,5,4,3
1749308,Millington,659,2,3,4,7
1749347,Mill Shoals,197,4,10,7,4
1749386,Millstadt,3857,1,2,2,5
1749477,Milton,266,4,9,9,1
1749516,Mineral,222,4,8,6,5
1749555,Minier,1190,1,4,2,4
1749568,Minonk,1974,1,4,3,1
1749607,Minooka,11397,2,2,3,8
1749802,Modesto,178,4,6,9,4
1749854,Mokena,20159,1,1,1,7
1749867,Moline,41356,3,3,6,8
1749893,Momence,3094,4,4,7,9
1749945,Monee,5061,2,2,2,8
1750010,Monmouth,8886,5,7,9,9
1750062,Monroe Center,435,3,4,7,7
1750218,Montgomery,19638,3,2,4,9
1750244,Monticello,5534,1,2,2,5
1750283,Montrose,195,1,4,1,1
1750491,Morris,15053,2,2,4,7
1750530,Morrison,3988,2,5,3,4
1750543,Morrisonville,998,2,6,2,5
1750621,Morton,16277,1,2,1,6
1750647,Morton Grove,22796,2,1,3,9
1750751,Mound City,504,5,5,10,7
1750777,Mounds,684,5,9,10,8
1750790,Mound Station,116,3,7,4,5
1750829,Mount Auburn,450,1,6,3,1
1750868,Mount Carmel,7001,4,6,8,7
1750881,Mount Carroll,1571,3,7,5,5
1750920,Mount Clare,263,3,5,6,5
1750933,Mount Erie,83,2,7,4,1
1750998,Mount Morris,2794,3,7,9,1
1751024,Mount Olive,1939,2,7,6,1
1751089,Mount Prospect,53719,2,1,2,9
1751128,Mount Pulaski,1464,1,5,2,4
1751154,Mount Sterling,1909,5,5,9,9
1751180,Mount Vernon,14723,4,4,9,7
1751206,Mount Zion,5795,1,3,2,4
1751232,Moweaqua,1714,2,5,3,4
1751271,Muddy,63,3,3,8,7
1751284,Mulberry Grove,575,2,7,3,3
1751336,Muncie,138,3,8,4,4
1751349,Mundelein,31051,2,2,3,9
1751453,Murphysboro,7406,5,7,9,7
1751479,Murrayville,548,3,7,2,6
1751622,Naperville,148449,1,1,1,9
1751648,Naplate,470,1,6,2,2
1751661,Naples,119,3,4,9,5
1751700,Nashville,3011,1,3,3,4
1751726,Nason,233,4,9,9,1
1751791,Nauvoo,1063,3,4,6,5
1751882,Nebo,328,4,10,9,1
1751947,Nelson,159,3,6,4,7
1751986,Neoga,1602,2,6,4,2
1751999,Neponset,436,3,6,6,5
1752103,Newark,1028,3,3,5,9
1752116,New Athens,1884,1,5,1,5
1752142,New Baden,3241,2,4,3,7
1752155,New Bedford,70,2,7,6,1
1752168,New Berlin,1333,1,4,3,1
1752220,New Boston,650,5,7,10,5
1752285,New Burnside,214,3,10,7,1
1752311,New Canton,346,3,10,6,1
1752415,New Douglas,307,3,7,4,4
1752467,New Grand Chain,182,5,10,10,7
1752506,New Haven,382,3,10,5,2
1752545,New Holland,268,2,5,2,5
1752584,New Lenox,26926,1,1,1,6
1752623,Newman,833,4,7,7,6
1752701,New Milford,699,3,5,4,8
1752714,New Minden,206,3,7,5,6
1752805,New Salem,134,4,8,9,2
1752844,Newton,2863,5,6,9,7
1752961,Niantic,655,3,6,6,3
1753000,Niles,28938,3,1,5,9
1753039,Nilwood,229,4,9,4,6
1753143,Noble,641,4,9,4,7
1753169,Nokomis,2110,2,7,5,1
1753195,Nora,116,3,6,5,5
1753234,Normal,54469,3,4,4,7
1753377,Norridge,14152,2,1,4,9
1753390,Norris,200,2,8,4,1
1753403,Norris City,1151,5,9,8,7
1753442,North Aurora,18057,2,2,3,9
1753455,North Barrington,2952,1,1,1,6
1753481,Northbrook,32958,1,1,1,8
1753559,North Chicago,29615,5,8,9,9
1753585,North City,569,5,10,9,4
1753663,Northfield,5386,1,1,1,8
1753793,North Henderson,174,3,8,5,2
1753871,Northlake,12161,4,1,9,10
1754092,North Pekin,1545,3,4,7,5
1754144,North Riverside,6429,3,1,6,9
1754222,North Utica,1336,1,1,2,2
1754404,Norwood,459,4,7,5,7
1754534,Oak Brook,8016,1,1,1,9
1754560,Oakbrook Terrace,2098,2,1,2,9
1754586,Oakdale,200,2,5,4,5
1754625,Oakford,276,2,8,4,1
1754638,Oak Forest,27173,3,4,4,9
1754703,Oak Grove,591,3,9,2,5
1754781,Oakland,854,3,7,8,2
1754820,Oak Lawn,55022,4,3,7,9
1754885,Oak Park,52381,1,1,2,8
1755002,Oakwood,1485,2,6,4,4
1755041,Oakwood Hills,2028,1,2,1,7
1755106,Oblong,1371,4,7,6,6
1755132,Oconee,172,3,8,8,1
1755171,Odell,964,2,6,3,4
1755210,Odin,1009,5,8,9,6
1755249,O'Fallon,29583,2,2,2,8
1755275,Ogden,800,1,4,1,4
1755353,Oglesby,3559,3,4,4,7
1755379,Ohio,480,2,8,3,2
1755418,Ohlman,126,2,7,5,1
1755470,Okawville,1360,1,3,2,5
1755639,Old Mill Creek,167,2,1,2,9
1755717,Old Ripley,99,3,9,5,2
1755756,Old Shawneetown,164,5,6,10,6
1755899,Olmsted,294,5,10,10,7
1755912,Olney,8674,4,5,9,5
1755938,Olympia Fields,4790,2,2,3,9
1756003,Omaha,228,3,9,5,2
1756081,Onarga,1264,5,8,8,9
1756159,Oneida,662,2,6,3,3
1756237,Oquawka,1252,2,6,6,2
1756341,Orangeville,752,2,6,4,2
1756471,Oreana,811,4,6,7,7
1756484,Oregon,3470,3,5,6,6
1756536,Orient,343,5,10,9,4
1756601,Orion,1798,1,4,1,4
1756627,Orland Hills,7023,3,3,6,8
1756640,Orland Park,57857,1,1,2,8
1756887,Oswego,36252,2,2,2,9
1756926,Ottawa,18063,3,3,8,7
1756978,Otterville,118,3,9,5,1
1757043,Owaneco,223,4,7,7,7
1757225,Palatine,67482,2,1,2,9
1757277,Palestine,1273,5,8,10,9
1757303,Palmer,205,2,7,2,5
1757329,Palmyra,659,4,8,9,4
1757381,Palos Heights,12520,1,1,2,7
1757394,Palos Hills,17060,3,3,6,9
1757407,Palos Park,4736,1,1,1,8
1757472,Pana,5376,4,8,7,5
1757498,Panama,319,5,9,8,6
1757524,Panola,52,1,4,3,2
1757576,Papineau,149,4,7,7,7
1757628,Paris,8285,4,6,9,5
1757654,Park City,7438,5,8,9,10
1757693,Parkersburg,200,3,9,7,1
1757732,Park Forest,21210,5,9,8,9
1757875,Park Ridge,36950,1,1,1,8
1758057,Patoka,547,3,8,7,1
1758174,Pawnee,2640,1,4,4,3
1758226,Paw Paw,848,3,5,6,6
1758239,Paxton,4125,4,6,6,7
1758265,Payson,990,1,6,4,1
1758343,Pearl,132,4,10,9,1
1758369,Pearl City,783,2,6,2,6
1758408,Pecatonica,2078,1,5,1,2
1758447,Pekin,32045,3,5,7,3
1759000,Peoria,110417,4,3,8,9
1759026,Peoria Heights,5779,3,4,5,6
1759052,Peotone,4105,2,2,4,7
1759104,Percy,919,5,8,8,7
1759156,Perry,382,4,9,9,2
1759234,Peru,9730,3,2,6,7
1759273,Pesotum,524,1,4,2,3
1759312,Petersburg,2214,2,4,6,2
1759520,Phillipstown,41,4,9,9,1
1759533,Philo,1400,1,3,2,3
1759572,Phoenix,1908,5,9,10,10
1759709,Pierron,544,3,9,5,4
1759884,Pinckneyville,5372,5,8,10,7
1759988,Pingree Grove,9874,1,2,1,7
1760079,Piper City,750,3,7,7,3
1760209,Pittsburg,551,4,8,8,4
1760222,Pittsfield,4254,4,5,8,6
1760287,Plainfield,44308,1,1,1,9
1760339,Plainville,255,2,8,4,1
1760352,Plano,11665,4,3,8,9
1760391,Plattville,256,3,2,5,9
1760534,Pleasant Hill,925,3,8,6,1
1760599,Pleasant Plains,791,1,4,3,1
1760833,Plymouth,466,4,10,8,3
1760872,Pocahontas,731,3,8,6,4
1760937,Polo,2171,4,6,7,7
1761015,Pontiac,11253,4,6,9,6
1761067,Pontoon Beach,5641,4,3,9,8
1761080,Pontoosuc,136,2,6,4,4
1761145,Poplar Grove,5104,3,3,4,8
1761216,Port Barrington,1488,2,1,3,9
1761223,Port Byron,1607,2,2,6,6
1761314,Posen,5865,5,6,10,9
1761366,Potomac,690,3,8,4,5
1761548,Prairie City,351,5,9,9,5
1761639,Prairie du Rocher,558,2,7,6,1
1761678,Prairie Grove,1931,1,1,1,7
1761899,Princeton,7468,2,3,5,6
1761925,Princeville,1672,1,4,3,3
1761977,Prophetstown,1939,3,6,8,2
1762016,Prospect Heights,15887,2,2,3,9
1762211,Pulaski,175,5,9,10,8
1762367,Quincy,39949,3,4,6,5
1762523,Radom,211,3,7,4,5
1762588,Raleigh,329,3,8,5,5
1762627,Ramsey,1011,5,9,8,6
1762744,Rankin,513,4,9,6,5
1762757,Ransom,356,4,5,9,5
1762783,Rantoul,12493,5,6,9,9
1762822,Rapids City,967,2,2,6,6
1762848,Raritan,122,3,8,5,2
1762965,Raymond,942,2,5,5,4
1763043,Red Bud,3480,1,2,7,2
1763056,Reddick,157,1,4,4,3
1763069,Redmon,158,4,9,7,5
1763420,Reynolds,507,1,4,1,3
1763641,Richmond,1904,2,2,5,7
1763706,Richton Park,13292,5,5,9,9
1763719,Richview,243,3,7,5,6
1763862,Ridge Farm,812,3,8,5,2
1764018,Ridgway,747,3,8,5,2
1764044,Ridott,151,2,8,4,2
1764135,Ringwood,813,1,1,1,4
1764148,Rio,207,2,7,3,3
1764174,Ripley,82,3,9,4,5
1764278,Riverdale,13077,5,8,10,9
1764304,River Forest,10816,1,1,1,8
1764343,River Grove,9883,3,2,7,9
1764421,Riverside,8563,1,1,2,8
1764486,Riverton,3434,3,5,6,4
1764538,Riverwoods,3562,1,1,1,9
1764590,Roanoke,1990,1,4,1,2
1764616,Robbins,5438,5,8,10,9
1764655,Roberts,329,3,8,8,1
1764707,Robinson,7341,5,5,9,8
1764746,Rochelle,9052,4,2,8,9
1764759,Rochester,3709,1,2,1,4
1764811,Rockbridge,157,3,7,9,2
1764837,Rock City,283,1,1,3,5
1764902,Rockdale,1910,4,2,8,9
1764928,Rock Falls,8740,5,7,9,8
1765000,Rockford,145609,5,6,9,9
1765078,Rock Island,37176,4,4,8,9
1765156,Rockton,7441,2,3,4,6
1765221,Rockwood,41,1,6,3,1
1765338,Rolling Meadows,23532,2,1,3,9
1765442,Romeoville,39746,3,1,6,9
1765481,Roodhouse,1677,4,9,10,2
1765611,Roscoe,10510,1,3,2,5
1765754,Rose Hill,81,3,8,5,2
1765806,Roselle,22463,2,1,2,9
1765819,Rosemont,4066,3,1,7,9
1765845,Roseville,898,3,6,6,4
1765897,Rosiclare,1014,4,10,10,1
1765962,Rossville,1217,3,7,6,5
1766027,Round Lake,18100,3,3,4,9
1766040,Round Lake Beach,27100,4,4,8,9
1766053,Round Lake Heights,2645,4,4,7,9
1766066,Round Lake Park,7747,4,6,6,9
1766131,Roxana,1434,2,1,9,3
1766157,Royal,277,1,2,1,4
1766196,Royal Lakes,185,5,9,8,6
1766209,Royalton,1117,4,9,10,2
1766287,Ruma,304,1,4,6,1
1766339,Rushville,2847,5,6,8,8
1766404,Russellville,86,4,10,4,6
1766443,Rutland,304,4,8,6,7
1766534,Sadorus,390,1,4,2,3
1766599,Sailor Springs,93,5,10,8,6
1766638,St. Anne,1193,5,5,8,9
1766677,St. Augustine,112,4,7,10,2
1766703,St. Charles,32887,1,1,1,8
1766768,St. David,527,3,8,7,1
1766794,St. Elmo,1403,5,8,10,5
1766800,Ste. Marie,238,3,6,5,5
1766833,St. Francisville,622,5,10,10,9
1766859,St. Jacob,1319,1,4,1,4
1766924,St. Johns,208,4,8,10,3
1766950,St. Joseph,3860,1,3,1,4
1766989,St. Libory,603,3,4,6,6
1767132,St. Peter,341,4,6,9,4
1767158,St. Rose,407,1,3,2,5
1767236,Salem,6971,4,5,10,6
1767372,Sammons Point,259,3,4,5,6
1767444,Sandoval,1214,5,9,10,3
1767548,Sandwich,7418,3,3,4,8
1767613,San Jose,594,3,9,3,4
1767756,Sauget,168,4,1,10,9
1767769,Sauk Village,10246,5,6,10,9
1767795,Saunemin,404,4,7,6,8
1767821,Savanna,2797,5,7,9,7
1767860,Savoy,8401,2,2,2,8
1767873,Sawyerville,266,5,8,10,5
1767912,Saybrook,668,1,6,4,1
1767925,Scales Mound,356,2,4,5,5
1768003,Schaumburg,72887,2,1,2,9
1768081,Schiller Park,11403,4,1,9,9
1768120,Schram City,550,4,7,7,6
1768198,Sciota,56,3,5,6,5
1768406,Scottville,110,4,7,9,4
1768458,Seaton,202,5,7,10,5
1768471,Seatonville,296,5,6,8,9
1768510,Secor,355,2,7,3,2
1768640,Seneca,2251,3,2,9,6
1768705,Sesser,1860,3,8,7,2
1768822,Shabbona,920,2,3,4,7
1768991,Shannon,688,3,5,6,6
1769082,Shawneetown,1077,5,10,10,6
1769147,Sheffield,863,3,6,6,5
1769186,Shelbyville,4495,3,4,9,2
1769212,Sheldon,949,5,9,8,5
1769277,Sheridan,2520,5,10,8,8
1769342,Sherman,4679,1,2,1,1
1769368,Sherrard,594,1,4,2,3
1769524,Shiloh,13586,2,3,2,8
1769563,Shipman,587,2,7,4,1
1769758,Shorewood,17509,1,1,1,8
1769797,Shumway,195,3,8,2,5
1769810,Sibley,252,2,7,5,2
1769836,Sidell,563,3,9,6,1
1769875,Sidney,1191,1,4,2,3
1769914,Sigel,355,2,5,2,5
1769979,Silvis,7475,4,3,9,7
1770005,Simpson,60,3,10,7,1
1770031,Sims,240,4,10,6,4
1770122,Skokie,62700,3,1,5,9
1770161,Sleepy Hollow,3244,1,1,1,8
1770213,Smithboro,165,2,6,3,3
1770226,Smithfield,221,5,9,9,6
1770252,Smithton,3816,2,3,2,7
1770460,Somonauk,1871,1,3,2,3
1770525,Sorento,469,3,10,5,2
1770564,South Barrington,4996,1,1,1,9
1770590,South Beloit,7624,4,4,8,8
1770629,South Chicago Heights,4003,5,4,10,9
1770720,South Elgin,24755,2,2,3,9
1770759,Southern View,1570,4,4,9,6
1770850,South Holland,21296,5,4,9,9
1770889,South Jacksonville,3102,1,4,3,3
1771175,South Pekin,1093,5,8,9,7
1771240,South Roxana,1991,5,8,10,7
1771370,South Wilmington,644,3,4,7,5
1771422,Sparland,367,2,8,3,1
1771448,Sparta,4273,4,5,7,7
1771474,Spaulding,849,2,3,6,4
1771526,Spillertown,196,2,4,3,5
1771604,Spring Bay,462,3,5,7,5
1771643,Springerton,102,4,8,7,4
1772000,Springfield,114230,3,3,6,7
1772052,Spring Grove,5706,1,1,2,7
1772156,Spring Valley,5125,4,5,8,8
1772221,Standard,203,1,5,3,3
1772234,Standard City,145,4,9,4,6
1772260,Stanford,598,3,5,4,6
1772403,Staunton,4954,2,5,8,1
1772468,Steeleville,1925,4,4,8,7
1772520,Steger,9221,5,5,9,8
1772546,Sterling,14463,5,6,7,9
1772624,Steward,241,3,6,7,3
1772650,Stewardson,721,2,6,2,5
1772676,Stickney,6566,3,4,5,9
1772702,Stillman Valley,1053,3,4,7,7
1772780,Stockton,1712,3,5,8,2
1772884,Stonefort,285,5,9,8,6
1772923,Stone Park,4826,5,7,10,10
1772949,Stonington,846,1,4,2,1
1773027,Stoy,115,3,6,6,6
1773040,Strasburg,439,1,5,5,1
1773131,Strawn,93,5,7,8,7
1773157,Streamwood,39228,3,3,5,9
1773170,Streator,13113,5,7,9,7
1773261,Stronghurst,789,2,6,5,2
1773287,Sublette,421,3,4,6,6
1773391,Sugar Grove,9888,1,1,1,8
1773495,Sullivan,4433,3,5,7,6
1773547,Summerfield,395,3,7,3,5
1773638,Summit,11116,5,5,10,10
1773703,Sumner,2980,5,10,10,9
1773943,Sun River Terrace,496,5,7,6,9
1774119,Swansea,13350,2,3,3,8
1774223,Sycamore,18322,2,2,3,7
1774275,Symerton,91,2,3,3,8
1774301,Table Grove,383,5,9,9,6
1774379,Tallula,474,2,7,4,1
1774444,Tamaroa,597,4,8,7,4
1774457,Tamms,472,5,9,10,4
1774470,Tampico,729,4,7,8,6
1774561,Taylor Springs,659,5,8,10,7
1774574,Taylorville,10360,3,5,7,3
1774665,Tennessee,108,3,8,8,1
1774743,Teutopolis,1642,1,2,1,1
1774847,Thawville,244,5,9,7,6
1774860,Thayer,655,2,6,5,2
1774873,Thebes,321,5,10,9,7
1775081,Third Lake,1146,1,1,1,9
1775107,Thomasboro,1084,2,6,3,5
1775159,Thompsonville,526,5,7,9,6
1775172,Thomson,551,3,5,7,4
1775185,Thornton,2401,3,3,6,9
1775263,Tilden,881,5,9,9,5
1775276,Tilton,2686,5,6,10,6
1775360,Timberlane,946,3,2,5,8
1775419,Time,22,4,9,9,1
1775484,Tinley Park,55773,2,2,3,8
1775549,Tiskilwa,766,3,7,6,3
1775601,Toledo,1190,4,6,7,6
1775614,Tolono,3392,1,4,2,3
1775653,Toluca,1269,4,6,7,7
1775718,Tonica,715,3,4,6,7
1775757,Topeka,70,4,9,9,2
1775783,Toulon,1161,3,6,8,2
1775809,Tovey,476,4,8,8,4
1775822,Towanda,462,1,3,1,5
1775848,Tower Hill,588,4,10,9,1
1775874,Tower Lakes,1226,1,1,1,7
1775965,Tremont,2120,1,3,1,6
1775991,Trenton,2590,1,3,1,1
1776160,Trout Valley,513,2,1,2,9
1776199,Troy,10375,1,2,2,4
1776225,Troy Grove,238,3,3,6,9
1776407,Tuscola,4363,2,4,5,3
1776615,Ullin,400,5,9,10,8
1776706,Union,553,1,1,1,8
1776771,Union Hill,57,1,3,4,3
1776935,University Park,6887,3,2,6,9
1777005,Urbana,42214,4,4,8,9
1777044,Ursa,605,1,4,4,1
1777148,Valier,637,5,9,9,4
1777187,Valley City,13,2,3,9,2
1777265,Valmeyer,1248,1,4,1,3
1777317,Vandalia,6684,5,7,10,7
1777395,Varna,347,3,5,6,6
1777408,Venedy,133,2,7,2,5
1777473,Venice,1858,5,8,10,9
1777525,Vergennes,281,3,9,5,3
1777551,Vermilion,202,3,9,6,1
1777642,Vermont,640,4,9,9,1
1777681,Vernon,118,2,4,7,1
1777694,Vernon Hills,26521,1,1,1,9
1777707,Verona,206,3,5,6,6
1777720,Versailles,458,3,8,4,5
1777811,Victoria,289,3,9,3,3
1777863,Vienna,1440,3,7,10,1
1777941,Villa Grove,2418,4,7,6,6
1777993,Villa Park,21483,2,1,3,9
1778123,Viola,888,2,5,5,2
1778149,Virden,3330,2,7,4,1
1778175,Virgil,327,1,2,2,6
1778201,Virginia,1435,3,7,4,6
1778227,Volo,5813,2,2,2,9
1778370,Wadsworth,3651,2,1,3,9
1778383,Waggoner,253,4,10,5,4
1778526,Walnut,1306,2,6,6,1
1778604,Walnut Hill,104,4,8,8,4
1778656,Walshville,62,2,8,1,4
1778708,Waltonville,432,3,8,9,1
1778721,Wamac,1123,5,8,10,7
1778773,Wapella,522,1,5,2,3
1778851,Warren,1304,3,6,5,5
1778916,Warrensburg,1126,3,6,6,3
1778929,Warrenville,13174,3,1,5,9
1778942,Warsaw,1480,3,6,8,2
1779007,Washburn,1082,3,7,7,2
1779033,Washington,16516,1,3,1,5
1779085,Washington Park,3865,5,10,10,8
1779124,Wataga,786,2,7,2,5
1779150,Waterloo,10578,1,2,1,5
1779163,Waterman,1500,2,3,4,7
1779228,Watseka,4767,5,6,9,7
1779241,Watson,732,4,7,5,7
1779267,Wauconda,13504,2,2,3,9
1779293,Waukegan,86075,5,4,10,10
1779358,Waverly,1194,2,7,5,1
1779397,Wayne,2429,1,1,1,8
1779436,Wayne City,993,3,6,6,4
1779449,Waynesville,410,3,8,3,6
1779683,Weldon,412,1,7,2,2
1779735,Wellington,216,5,9,9,5
1779813,Wenona,938,3,6,6,6
1779826,Wenonah,35,1,3,5,1
1780008,West Brooklyn,133,4,7,6,6
1780047,Westchester,16117,2,1,2,9
1780060,West Chicago,26816,3,2,6,9
1780073,West City,638,3,2,10,5
1780125,West Dundee,8113,1,1,1,7
1780242,Western Springs,13359,1,1,1,5
1780281,Westfield,558,2,9,4,1
1780333,West Frankfort,7823,5,8,10,4
1780645,Westmont,24443,2,1,2,9
1780736,West Peoria,4455,5,7,8,7
1780762,West Point,163,4,10,8,3
1780853,West Salem,851,4,9,5,6
1780931,Westville,2945,5,7,9,6
1781048,Wheaton,52745,1,1,1,8
1781074,Wheeler,146,4,10,5,5
1781087,Wheeling,38646,3,1,6,9
1781191,White City,230,5,7,10,5
1781256,White Hall,2329,5,8,9,5
1781802,Williamsfield,545,2,6,5,1
1781815,Williamson,215,3,8,4,4
1781854,Williamsville,1485,1,2,1,1
1781867,Willisville,587,4,10,8,1
1781919,Willowbrook,8579,1,1,1,8
1782010,Willow Hill,228,4,9,5,5
1782049,Willow Springs,5621,2,1,3,9
1782075,Wilmette,27089,1,1,1,8
1782088,Wilmington (village),132,4,10,8,2
1782101,Wilmington (city),5653,2,1,7,6
1782218,Wilsonville,553,4,9,6,5
1782270,Winchester,1467,3,6,5,4
1782309,Windsor (village),772,2,7,5,2
1782322,Windsor (city),1151,2,7,5,1
1782400,Winfield,9636,1,1,1,8
1782491,Winnebago,2991,1,4,2,5
1782530,Winnetka,12316,1,1,1,6
1782543,Winslow,312,2,6,3,5
1782686,Winthrop Harbor,6618,2,3,2,7
1782725,Witt,843,4,9,10,1
1782855,Wonder Lake,3882,1,2,2,7
1782985,Wood Dale,13607,3,1,6,9
1783063,Woodhull,783,1,4,2,5
1783102,Woodland,297,4,8,8,5
1783206,Woodlawn,682,3,8,9,1
1783245,Woodridge,33432,2,1,2,9
1783271,Wood River,10051,3,5,9,3
1783336,Woodson,485,2,6,2,6
1783349,Woodstock,25240,3,3,6,9
1783505,Worden,1041,1,5,2,2
1783518,Worth,10466,4,4,7,9
1783622,Wyanet,923,3,7,6,3
1783687,Wyoming,1273,2,7,3,4
1783739,Xenia,368,4,8,5,6
1783765,Yale,85,3,9,5,2
1783817,Yates City,652,1,5,5,1
1784038,Yorkville,20613,2,2,2,9
1784155,Zeigler,1712,5,10,10,2
1784220,Zion,23487,5,5,10,9
