"","GEOID","MUNI","ln_POP","ln_TAX_BASE_PER_CAP","ln_MED_HH_INC","PCT_EDA_POP","SCORE_ln_POP","WT_SCORE_ln_POP","SCORE_ln_TAX_BASE_PER_CAP","WT_SCORE_ln_TAX_BASE_PER_CAP","SCORE_ln_MED_HH_INC","WT_SCORE_ln_MED_HH_INC","SCORE_PCT_EDA_POP","WT_SCORE_PCT_EDA_POP","SCORE_OVERALL","SCORE_OVERALL_SCALED","COHORT"
"1","1700243","Addison",10.4829619886075,11.1076881323029,11.1350852514742,0.612,8,8,7,7,3,3,4,4,22,50,"2"
"2","1700685","Algonquin",10.2989023247908,10.9791160151827,11.6065888349819,0,8,8,7,7,8,8,10,10,33,80.5555555555556,"1"
"3","1701010","Alsip",9.85550456251398,10.8122005823785,10.9813527680594,0.167,7,7,6,6,2,2,9,9,24,55.5555555555556,"2"
"4","1701595","Antioch",9.59028252285326,10.8684463654559,11.5488619447745,0,6,6,6,6,7,7,10,10,29,69.4444444444444,"1"
"5","1702154","Arlington Heights",11.2603016083335,11.0000112531216,11.5151330265122,0.056,10,10,7,7,7,7,10,10,34,83.3333333333333,"1"
"6","1703012","Aurora",12.1037187166683,10.492567727054,11.2206863583258,0.44,10,10,4,4,4,4,6,6,24,55.5555555555556,"2"
"7","1703610","Bannockburn",6.92067150424868,12.6238169348653,11.6599047776169,0,1,1,10,10,8,8,10,10,29,69.4444444444444,"1"
"8","1703844","Barrington",9.28005298438748,11.6986977343966,11.633318425142,0,5,5,10,10,8,8,10,10,33,80.5555555555556,"1"
"9","1703883","Barrington Hills",8.3221510702129,11.6180700336379,11.9666345563722,0,3,3,9,9,10,10,10,10,32,77.7777777777778,"1"
"10","1704013","Bartlett",10.6238850475862,10.4483662106528,11.6080538100618,0,9,9,4,4,8,8,10,10,31,75,"1"
"11","1704078","Batavia",10.1696139620222,10.989868637297,11.492671735943,0,8,8,7,7,7,7,10,10,32,77.7777777777778,"1"
"12","1704303","Beach Park",9.56444200779579,9.91861310804132,11.1739500981309,0.424,6,6,2,2,4,4,6,6,18,38.8888888888889,"3"
"13","1704572","Bedford Park",6.40025744530882,14.1820801323792,11.5066558519566,0.005,1,1,10,10,7,7,10,10,28,66.6666666666667,"1"
"14","1704585","Beecher",8.45807992692373,10.3711574015953,11.3687779198825,0,3,3,4,4,6,6,10,10,23,52.7777777777778,"2"
"15","1704975","Bellwood",9.84102687119352,9.64698698211838,11.050985238934,0.704,7,7,1,1,3,3,3,3,14,27.7777777777778,"4"
"16","1705248","Bensenville",9.84230339921113,11.1113058993773,11.0728844399222,1,7,7,7,7,3,3,1,1,18,38.8888888888889,"3"
"17","1705404","Berkeley",8.58260632996447,10.0105186418473,11.1707872067224,0,3,3,2,2,4,4,10,10,19,41.6666666666667,"3"
"18","1705573","Berwyn",10.9551829214165,9.89554139277574,11.0335177556492,0.692,9,9,2,2,3,3,4,4,18,38.8888888888889,"3"
"19","1705976","Big Rock",7.00669522683704,10.758139439204,11.5747258658757,0,1,1,6,6,8,8,10,10,25,58.3333333333333,"2"
"20","1706587","Bloomingdale",10.016012343378,11.2386102192285,11.3782162361117,0.124,7,7,8,8,6,6,9,9,30,72.2222222222222,"1"
"21","1706704","Blue Island",10.0238450491999,9.7103426244977,10.8562837762226,1,7,7,1,1,2,2,1,1,11,19.4444444444444,"4"
"22","1707133","Bolingbrook",11.2107657622266,10.860846051253,11.4315418586938,0.139,10,10,6,6,6,6,9,9,31,75,"1"
"23","1707640","Braceville",6.58479139238572,10.0286647919134,11.2472266470539,0,1,1,2,2,4,4,10,10,17,36.1111111111111,"4"
"24","1707770","Braidwood",8.73133636053315,10.1701519209489,11.1132982829623,0.288,4,4,3,3,3,3,8,8,18,38.8888888888889,"3"
"25","1708225","Bridgeview",9.74255559842064,11.0369846646526,10.9169412921229,0.6,7,7,7,7,2,2,5,5,21,47.2222222222222,"2"
"26","1708446","Broadview",8.98694678940676,10.9764394102579,10.9066346493862,0,4,4,7,7,2,2,10,10,23,52.7777777777778,"2"
"27","1708576","Brookfield",9.87693821730259,10.1114617906062,11.3491233596132,0,7,7,2,2,6,6,10,10,25,58.3333333333333,"2"
"28","1709447","Buffalo Grove",10.6738735134369,10.9789593512563,11.6777701877129,0,9,9,7,7,9,9,10,10,35,86.1111111111111,"1"
"29","1709531","Bull Valley",7.028201432058,10.9542206604563,11.4674677420454,0,1,1,7,7,7,7,10,10,25,58.3333333333333,"2"
"30","1709642","Burbank",10.2900756048746,10.2151153023149,11.1569931023926,0.367,8,8,3,3,4,4,7,7,22,50,"2"
"31","1709759","Burlington",6.28226674689601,10.6510395904253,11.3001405769717,0,1,1,5,5,5,5,10,10,21,47.2222222222222,"2"
"32","1709798","Burnham",8.30548401772769,9.48207594622957,10.7446667319152,1,3,3,1,1,1,1,1,1,6,5.55555555555556,"4"
"33","1709980","Burr Ridge",9.32295451634532,11.7080227909582,11.9309776885839,0,5,5,10,10,10,10,10,10,35,86.1111111111111,"1"
"34","1710487","Calumet City",10.4921904642226,10.1090397164808,10.8324970568181,0.834,8,8,2,2,1,1,2,2,13,25,"4"
"35","1710513","Calumet Park",8.85723049420195,9.95513751106947,10.8207578045238,1,4,4,2,2,1,1,1,1,8,11.1111111111111,"4"
"36","1710906","Campton Hills",9.29514097366865,10.7484281423535,12.0639501692858,0,5,5,6,6,10,10,10,10,31,75,"1"
"37","1711332","Carol Stream",10.5929780555925,10.8440087800012,11.4055629466417,0.167,9,9,6,6,6,6,9,9,30,72.2222222222222,"1"
"38","1711358","Carpentersville",10.5448939701884,10.2181966166752,11.1996520428515,0.126,8,8,3,3,4,4,9,9,24,55.5555555555556,"2"
"39","1711592","Cary",9.78841334469066,10.5205156504393,11.5649864645967,0,7,7,4,4,8,8,10,10,29,69.4444444444444,"1"
"40","1712476","Channahon",9.50174052379638,10.5400609420332,11.5071991005968,0,6,6,4,4,7,7,10,10,27,63.8888888888889,"2"
"41","1714000","Chicago",14.8257971517598,10.6685911679986,11.0364529575759,0.585,10,10,5,5,3,3,5,5,23,52.7777777777778,"2"
"42","1714026","Chicago Heights",10.2212137463363,9.88273423395651,10.817375399794,0.674,8,8,2,2,1,1,4,4,15,30.5555555555556,"4"
"43","1714065","Chicago Ridge",9.57727253036756,10.707635809488,10.850404477952,0.12,6,6,5,5,1,1,9,9,21,47.2222222222222,"2"
"44","1714351","Cicero",11.3535545165531,9.72830957977457,10.891652334646,0.937,10,10,1,1,2,2,1,1,14,27.7777777777778,"4"
"45","1714572","Clarendon Hills",9.07130816328062,11.2691628067279,11.5471916168378,0,5,5,8,8,7,7,10,10,30,72.2222222222222,"1"
"46","1715170","Coal City",8.64909826229618,10.3167225776344,11.2266823567127,0,4,4,3,3,4,4,10,10,21,47.2222222222222,"2"
"47","1716691","Country Club Hills",9.72764496183988,9.7970856668891,11.1606124226632,0.733,7,7,1,1,4,4,3,3,15,30.5555555555556,"4"
"48","1716873","Countryside",8.76717339668401,11.9854493143508,11.1154434073529,0.091,4,4,10,10,3,3,10,10,27,63.8888888888889,"2"
"49","1717458","Crest Hill",9.92617816245583,10.3332124696318,10.9761322495067,0.268,7,7,3,3,2,2,8,8,20,44.4444444444444,"3"
"50","1717497","Crestwood",9.28970592735692,11.1625018309989,11.0110761004439,0.971,5,5,8,8,2,2,1,1,16,33.3333333333333,"4"
"51","1717523","Crete",9.04369529456724,10.2575158341277,11.2306023410029,0.725,5,5,3,3,4,4,3,3,15,30.5555555555556,"4"
"52","1717887","Crystal Lake",10.6033372211557,11.005390311802,11.4236132612895,0.022,9,9,7,7,6,6,10,10,32,77.7777777777778,"1"
"53","1718628","Darien",9.9992976073821,10.9598643907865,11.5206058948136,0,7,7,7,7,7,7,10,10,31,75,"1"
"54","1719083","Deer Park",8.21093973337902,11.7328492227144,11.99177733284,0,3,3,10,10,10,10,10,10,33,80.5555555555556,"1"
"55","1718992","Deerfield",9.86245720297814,11.5236951883559,11.9957465979266,0,7,7,9,9,10,10,10,10,36,88.8888888888889,"1"
"56","1719642","Des Plaines",11.0132870305948,10.9856817109334,11.2069300556785,0.292,9,9,7,7,4,4,8,8,28,66.6666666666667,"1"
"57","1719837","Diamond",7.87853419614036,10.1617037589106,10.8399533913469,0,2,2,3,3,1,1,10,10,16,33.3333333333333,"4"
"58","1720149","Dixmoor",7.9973268229981,9.84265696854222,10.709003136051,1,2,2,2,2,1,1,1,1,6,5.55555555555556,"4"
"59","1720292","Dolton",9.9723604168225,9.65001317933911,10.8245070859834,0.925,7,7,1,1,1,1,1,1,10,16.6666666666667,"4"
"60","1720591","Downers Grove",10.8247061226466,11.2584434056076,11.4844951257747,0.01,9,9,8,8,7,7,10,10,34,83.3333333333333,"1"
"61","1721696","East Dundee",8.05579245097777,11.3330777315373,11.2009370386539,0,2,2,8,8,4,4,10,10,24,55.5555555555556,"2"
"62","1721904","East Hazel Crest",7.16780918431644,9.94375103182511,10.8313708304461,0.739,1,1,2,2,1,1,3,3,7,8.33333333333333,"4"
"63","1722931","Elburn",8.72826416149618,10.7831588905744,11.4691512001187,0,4,4,6,6,7,7,10,10,27,63.8888888888889,"2"
"64","1723074","Elgin",11.650920630122,10.5290271660811,11.1982010214066,0.436,10,10,4,4,4,4,6,6,24,55.5555555555556,"2"
"65","1723256","Elk Grove Village",10.3985495811226,11.5601071693132,11.3532260862126,0.149,8,8,9,9,6,6,9,9,32,77.7777777777778,"1"
"66","1723620","Elmhurst",10.7317336465177,11.3809255414652,11.7269798345359,0.063,9,9,9,9,9,9,10,10,37,91.6666666666667,"1"
"67","1723724","Elmwood Park",10.1072851722528,10.2235371533979,11.0558301636252,0.358,8,8,3,3,3,3,7,7,21,47.2222222222222,"2"
"68","1723945","Elwood",7.70930833338587,10.499153010343,11.305286100192,0,2,2,4,4,5,5,10,10,21,47.2222222222222,"2"
"69","1724582","Evanston",11.2658733686043,10.95815266306,11.3185515696521,0.471,10,10,7,7,5,5,6,6,28,66.6666666666667,"1"
"70","1724634","Evergreen Park",9.90063348355322,10.8186010325274,11.2822032681325,0,7,7,6,6,5,5,10,10,28,66.6666666666667,"1"
"71","1726571","Flossmoor",9.18029345062389,10.3566505923026,11.5831136218189,0,5,5,3,3,8,8,10,10,26,61.1111111111111,"2"
"72","1726710","Ford Heights",7.50273821075485,9.32039381338302,10.5209139225559,1,1,1,1,1,1,1,1,1,4,0,"4"
"73","1726935","Forest Park",9.57073837671504,10.8068033874568,11.1657764336849,0,6,6,6,6,4,4,10,10,26,61.1111111111111,"2"
"74","1726987","Forest View",6.67456139181443,11.8561619925226,11.4857700722249,0,1,1,10,10,7,7,10,10,28,66.6666666666667,"1"
"75","1727442","Fox Lake",9.30364854910983,10.9535435743462,11.0447601449981,0.402,5,5,7,7,3,3,6,6,21,47.2222222222222,"2"
"76","1727533","Fox River Grove",8.45574322910002,10.6895003115424,11.6651485739402,0,3,3,5,5,8,8,10,10,26,61.1111111111111,"2"
"77","1727624","Frankfort",9.91817910127912,11.2212264680404,11.8546055457708,0,7,7,8,8,10,10,10,10,35,86.1111111111111,"1"
"78","1727702","Franklin Park",9.82374063444587,10.9462907871627,11.1236535367568,0.919,7,7,7,7,3,3,1,1,18,38.8888888888889,"3"
"79","1728872","Geneva",9.97081904469641,11.2197846088726,11.6620607314695,0,7,7,8,8,8,8,10,10,33,80.5555555555556,"1"
"80","1729171","Gilberts",9.03193115200214,10.3327193059417,11.4764689279596,0,5,5,3,3,7,7,10,10,25,58.3333333333333,"2"
"81","1729756","Glen Ellyn",10.2697266141435,11.0799377280329,11.6802010635589,0.088,8,8,7,7,9,9,10,10,34,83.3333333333333,"1"
"82","1729652","Glencoe",9.08805973726735,11.7891151528884,12.1838270365829,0,5,5,10,10,10,10,10,10,35,86.1111111111111,"1"
"83","1729730","Glendale Heights",10.4095820019262,10.7515152285301,11.1567361173962,0.021,8,8,6,6,4,4,10,10,28,66.6666666666667,"1"
"84","1729938","Glenview",10.7935369732051,11.4569194213356,11.6786009074351,0.284,9,9,9,9,9,9,8,8,35,86.1111111111111,"1"
"85","1730029","Glenwood",9.06670092177457,9.77526289733126,11.0799401253226,0.466,5,5,1,1,3,3,6,6,15,30.5555555555556,"4"
"86","1730120","Godley",6.33859407820318,9.36179463832233,10.6461627202453,0.915,1,1,1,1,1,1,1,1,4,0,"4"
"87","1730328","Golf",6.24222326545517,11.4796346217158,12.2154039729591,0,1,1,9,9,10,10,10,10,30,72.2222222222222,"1"
"88","1731121","Grayslake",9.96401805227616,10.556148623092,11.5087467462738,0,7,7,4,4,7,7,10,10,28,66.6666666666667,"1"
"89","1731446","Green Oaks",8.3255483071614,11.2998090353956,11.6921171287553,0.14,3,3,8,8,9,9,9,9,29,69.4444444444444,"1"
"90","1731667","Greenwood",5.78074351579233,10.3087139490274,11.5045605766386,0,1,1,3,3,7,7,10,10,21,47.2222222222222,"2"
"91","1732018","Gurnee",10.3322133542188,11.2904623324801,11.5218059167762,0.31,8,8,8,8,7,7,7,7,30,72.2222222222222,"1"
"92","1732200","Hainesville",8.17357548663415,10.3562200498512,11.4338389666494,0,2,2,3,3,6,6,10,10,21,47.2222222222222,"2"
"93","1732525","Hampshire",8.94468068355889,10.5615676321637,11.5092687874667,0,4,4,4,4,7,7,10,10,25,58.3333333333333,"2"
"94","1732746","Hanover Park",10.5312958917877,10.5509562376721,11.2563156120729,0,8,8,4,4,5,5,10,10,27,63.8888888888889,"2"
"95","1733331","Harvard",9.1557785839835,10.2035563863376,10.8576711933447,0,5,5,3,3,2,2,10,10,20,44.4444444444444,"3"
"96","1733383","Harvey",9.91955773271362,9.66688282089253,10.3931406110693,1,7,7,1,1,1,1,1,1,10,16.6666666666667,"4"
"97","1733435","Harwood Heights",9.11217612318895,10.9394330117416,11.1235059352805,0.545,5,5,7,7,3,3,5,5,20,44.4444444444444,"3"
"98","1733630","Hawthorn Woods",9.11184512522708,10.9243673500721,12.2398700251135,0,5,5,6,6,10,10,10,10,31,75,"1"
"99","1733695","Hazel Crest",9.50166579934276,9.62734217794907,10.9152702658695,0.429,6,6,1,1,2,2,6,6,15,30.5555555555556,"4"
"100","1733851","Hebron",7.2211050981825,10.1165848438347,11.2053535614201,0,1,1,2,2,4,4,10,10,17,36.1111111111111,"4"
"101","1734514","Hickory Hills",9.5822486965555,10.3916044211417,11.1015227641953,0.315,6,6,4,4,3,3,7,7,20,44.4444444444444,"3"
"102","1734722","Highland Park",10.3148021854332,11.6058202713804,11.8986435442366,0,8,8,9,9,10,10,10,10,37,91.6666666666667,"1"
"103","1734865","Highwood",8.53188474015923,10.6379758581187,11.2235753354178,0,3,3,5,5,4,4,10,10,22,50,"2"
"104","1735086","Hillside",9.02641753381525,11.0705028413688,10.9334461978872,0.712,5,5,7,7,2,2,3,3,17,36.1111111111111,"4"
"105","1735307","Hinsdale",9.76393808758604,11.7616813737563,12.2390285835875,0,7,7,10,10,10,10,10,10,37,91.6666666666667,"1"
"106","1735385","Hodgkins",7.3132203870903,13.2035723622506,10.9112994768777,1,1,1,10,10,2,2,1,1,14,27.7777777777778,"4"
"107","1735411","Hoffman Estates",10.869139713948,10.7083967364285,11.4341311444038,0.028,9,9,5,5,6,6,10,10,30,72.2222222222222,"1"
"108","1735515","Holiday Hills",6.42648845745769,9.86558613054772,11.2168751428479,0,1,1,2,2,4,4,10,10,17,36.1111111111111,"4"
"109","1735835","Homer Glen",10.1081819601818,10.902188713648,11.5971103511957,0,8,8,6,6,8,8,10,10,32,77.7777777777778,"1"
"110","1735866","Hometown",8.37632063253482,9.64076897133397,10.8490846276023,1,3,3,1,1,1,1,1,1,6,5.55555555555556,"4"
"111","1735879","Homewood",9.87627050624257,10.7011771650239,11.2517295177543,0.139,7,7,5,5,5,5,9,9,26,61.1111111111111,"2"
"112","1736750","Huntley",10.2306306938688,10.7424015786135,11.2570004241316,0,8,8,5,5,5,5,10,10,28,66.6666666666667,"1"
"113","1737218","Indian Creek",6.2841341610708,10.7785554399709,11.7310564744609,0,1,1,6,6,9,9,10,10,26,61.1111111111111,"2"
"114","1737257","Indian Head Park",8.31016902198191,10.6294093968945,11.3907126322345,0,3,3,5,5,6,6,10,10,24,55.5555555555556,"2"
"115","1737608","Inverness",8.9380065764712,11.0918536445237,12.1311227806226,0,4,4,7,7,10,10,10,10,31,75,"1"
"116","1737894","Island Lake",8.99355158629998,10.3671762786306,11.3382148711776,0,4,4,4,4,5,5,10,10,23,52.7777777777778,"2"
"117","1737907","Itasca",9.16356318041725,11.5435384660666,11.5099811346808,0,5,5,9,9,7,7,10,10,31,75,"1"
"118","1738479","Johnsburg",8.75699718362355,10.9425583902503,11.6661271231903,0,4,4,7,7,8,8,10,10,29,69.4444444444444,"1"
"119","1738570","Joliet",11.9208009989996,10.5428665986075,11.1964460336386,0.367,10,10,4,4,4,4,7,7,25,58.3333333333333,"2"
"120","1738830","Justice",9.44145209293957,9.63637991237765,10.9599401468068,0.823,6,6,1,1,2,2,2,2,11,19.4444444444444,"4"
"121","1738895","Kaneville",6.11368217983223,10.2656936866864,11.0773309918806,0,1,1,3,3,3,3,10,10,17,36.1111111111111,"4"
"122","1739519","Kenilworth",7.82963038915019,11.7821473231849,12.3950014926933,0,2,2,10,10,10,10,10,10,32,77.7777777777778,"1"
"123","1739883","Kildeer",8.3165447179294,11.717089174768,12.2666972673466,0,3,3,10,10,10,10,10,10,33,80.5555555555556,"1"
"124","1740767","La Grange",9.7002079011507,10.8877576630534,11.7169188161114,0,6,6,6,6,9,9,10,10,31,75,"1"
"125","1740793","La Grange Park",9.5085913957772,10.3989985738927,11.5893771171306,0,6,6,4,4,8,8,10,10,28,66.6666666666667,"1"
"126","1740884","Lake Barrington",8.53699581871242,11.2214526900783,11.5678964882147,0.039,3,3,8,8,8,8,10,10,29,69.4444444444444,"1"
"127","1740910","Lake Bluff",8.63337494570565,11.9976245700948,12.0693590522143,0,4,4,10,10,10,10,10,10,34,83.3333333333333,"1"
"128","1741105","Lake Forest",9.87132586572773,11.8411705890995,12.1501264378478,0.095,7,7,10,10,10,10,10,10,37,91.6666666666667,"1"
"129","1741183","Lake in the Hills",10.2744302266059,10.4802407216671,11.4769873581646,0,8,8,4,4,7,7,10,10,29,69.4444444444444,"1"
"130","1741586","Lake Villa",9.07577987858049,10.4289174227024,11.5677829002549,0,5,5,4,4,8,8,10,10,27,63.8888888888889,"2"
"131","1741742","Lake Zurich",9.89136436273382,11.3146060100124,11.6392673247293,0,7,7,8,8,8,8,10,10,33,80.5555555555556,"1"
"132","1741326","Lakemoor",8.72939712269206,10.5633011015387,11.3017845924472,0,4,4,4,4,5,5,10,10,23,52.7777777777778,"2"
"133","1741651","Lakewood",8.36240897761537,10.6952038603368,11.9156067017018,0,3,3,5,5,10,10,10,10,28,66.6666666666667,"1"
"134","1742028","Lansing",10.2776683706045,10.2194002410576,10.9623016279966,0.857,8,8,3,3,2,2,2,2,15,30.5555555555556,"4"
"135","1742795","Lemont",9.77730055228574,10.8447361796276,11.6484087015075,0,7,7,6,6,8,8,10,10,31,75,"1"
"136","1743250","Libertyville",9.93202641734255,11.5161432697904,11.9222497834041,0,7,7,9,9,10,10,10,10,36,88.8888888888889,"1"
"137","1743406","Lily Lake",6.93925394604151,10.6262629852101,11.6935121844705,0,1,1,5,5,9,9,10,10,25,58.3333333333333,"2"
"138","1743666","Lincolnshire",8.97966855424118,11.5879193518903,11.7758741740013,0.267,4,4,9,9,9,9,8,8,30,72.2222222222222,"1"
"139","1743744","Lincolnwood",9.50770046097924,11.3543802735152,11.4122428796042,0,6,6,8,8,6,6,10,10,30,72.2222222222222,"1"
"140","1743770","Lindenhurst",9.57540006544931,10.3299369581322,11.6569825179637,0,6,6,3,3,8,8,10,10,27,63.8888888888889,"2"
"141","1743900","Lisbon",5.6021188208797,10.0222773792812,11.0627244630207,0,1,1,2,2,3,3,10,10,16,33.3333333333333,"4"
"142","1743939","Lisle",10.0950578740112,11.0500176405227,11.4818990863651,0,7,7,7,7,7,7,10,10,31,75,"1"
"143","1744225","Lockport",10.1694606818257,10.6378445880061,11.3830103827488,0.009,8,8,5,5,6,6,10,10,29,69.4444444444444,"1"
"144","1744407","Lombard",10.7027049968231,11.0644382811527,11.364042552727,0.204,9,9,7,7,6,6,8,8,30,72.2222222222222,"1"
"145","1744524","Long Grove",9.03193115200214,11.3172019640834,12.2413818726324,0,5,5,8,8,10,10,10,10,33,80.5555555555556,"1"
"146","1745421","Lynwood",9.11778639036558,9.88109276441137,11.2405128848492,0.98,5,5,2,2,4,4,1,1,12,22.2222222222222,"4"
"147","1745434","Lyons",9.28887424963029,10.331491795428,11.0974857757149,0,5,5,3,3,3,3,10,10,21,47.2222222222222,"2"
"148","1746357","Manhattan",9.14686794902061,10.2443841223629,11.5686061207968,0,5,5,3,3,8,8,10,10,26,61.1111111111111,"2"
"149","1746604","Maple Park",7.26752542782817,10.2695242776388,11.4167779346858,0,1,1,3,3,6,6,10,10,20,44.4444444444444,"3"
"150","1746786","Marengo",8.93168411073171,10.2079029160053,11.1517834154987,0,4,4,3,3,4,4,10,10,21,47.2222222222222,"2"
"151","1747007","Markham",9.36400521952033,9.80079322854463,10.6466146654011,1,5,5,1,1,1,1,1,1,8,11.1111111111111,"4"
"152","1747540","Matteson",9.85602900137643,10.8531912931328,11.3458195607826,0.558,7,7,6,6,5,5,5,5,23,52.7777777777778,"2"
"153","1747774","Maywood",10.0652662080988,9.42995423067999,10.9441705420733,0.796,7,7,1,1,2,2,3,3,13,25,"4"
"154","1745564","McCook",5.51745289646471,13.6221646728244,11.2307879927738,1,1,1,10,10,4,4,1,1,16,33.3333333333333,"4"
"155","1745616","McCullom Lake",6.89568269774787,9.7657151378348,11.0418012080558,0,1,1,1,1,3,3,10,10,15,30.5555555555556,"4"
"156","1745694","McHenry",10.2085796864975,10.8541478684004,11.2516126475385,0,8,8,6,6,5,5,10,10,29,69.4444444444444,"1"
"157","1748242","Melrose Park",10.1184376288218,10.9382466638425,10.8892297174085,1,8,8,7,7,2,2,1,1,18,38.8888888888889,"3"
"158","1748554","Merrionette Park",7.58528107863913,10.8620793754876,10.6700478210165,1,2,2,6,6,1,1,1,1,10,16.6666666666667,"4"
"159","1748671","Mettawa",6.27852142416584,13.6280724336472,11.7209553784744,0.843,1,1,10,10,9,9,2,2,22,50,"2"
"160","1748892","Midlothian",9.56976154158294,10.1502930478262,11.0197269010544,0.837,6,6,3,3,2,2,2,2,13,25,"4"
"161","1749100","Millbrook",5.62401750618734,10.6194102146325,11.4281842365151,0,1,1,5,5,6,6,10,10,22,50,"2"
"162","1749308","Millington",6.42486902390539,9.92020409949011,11.2126713613437,0,1,1,2,2,4,4,10,10,17,36.1111111111111,"4"
"163","1749607","Minooka",9.4539138048019,10.851503108645,11.4834657578186,0,6,6,6,6,7,7,10,10,29,69.4444444444444,"1"
"164","1749854","Mokena",9.8978215309095,11.2090499562624,11.6076445610281,0,7,7,8,8,8,8,10,10,33,80.5555555555556,"1"
"165","1749945","Monee",8.54247099860051,11.305247817928,11.2468483162708,0,3,3,8,8,4,4,10,10,25,58.3333333333333,"2"
"166","1750218","Montgomery",9.91650248961362,10.74867185325,11.5049739351826,0.074,7,7,6,6,7,7,10,10,30,72.2222222222222,"1"
"167","1750647","Morton Grove",10.1384410906097,10.9340464265834,11.3743872735064,0,8,8,7,7,6,6,10,10,31,75,"1"
"168","1751089","Mount Prospect",10.9482066788589,11.235826677851,11.3427656534353,0.055,9,9,8,8,5,5,10,10,32,77.7777777777778,"1"
"169","1751349","Mundelein",10.3596457749598,10.7126063629169,11.4244766917851,0.378,8,8,5,5,6,6,7,7,26,61.1111111111111,"2"
"170","1751622","Naperville",11.9153191945539,11.205964626207,11.7570317547051,0,10,10,8,8,9,9,10,10,37,91.6666666666667,"1"
"171","1752584","New Lenox",10.2114868257508,10.924573932469,11.6555268505692,0,8,8,6,6,8,8,10,10,32,77.7777777777778,"1"
"172","1752103","Newark",6.880384082186,10.403198865615,11.5302741033048,0,1,1,4,4,7,7,10,10,22,50,"2"
"173","1753000","Niles",10.3388997370122,11.4684157583505,11.0586376921645,0.162,8,8,9,9,3,3,9,9,29,69.4444444444444,"1"
"174","1753377","Norridge",9.63240035365618,11.0388411217382,11.2683028819789,0,6,6,7,7,5,5,10,10,28,66.6666666666667,"1"
"175","1753442","North Aurora",9.81252291716203,10.9582423513167,11.4110588385667,0.02,7,7,7,7,6,6,10,10,30,72.2222222222222,"1"
"176","1753455","North Barrington",8.06180227453835,11.324911814591,12.1919128673721,0,2,2,8,8,10,10,10,10,30,72.2222222222222,"1"
"177","1753559","North Chicago",10.3339379133382,9.55325445340292,10.7624245573803,0.949,8,8,1,1,1,1,1,1,11,19.4444444444444,"4"
"178","1754144","North Riverside",8.91274263473703,11.6007801678075,10.9309439177204,0,4,4,9,9,2,2,10,10,25,58.3333333333333,"2"
"179","1753481","Northbrook",10.469426166355,11.5813116319791,11.7666602950474,0,8,8,9,9,9,9,10,10,36,88.8888888888889,"1"
"180","1753663","Northfield",8.65712903171375,11.9431664401165,11.8752116364844,0,4,4,10,10,10,10,10,10,34,83.3333333333333,"1"
"181","1753871","Northlake",9.46032057724395,10.9823172050634,11.0103159959756,0.528,6,6,7,7,2,2,5,5,20,44.4444444444444,"3"
"182","1754534","Oak Brook",9.00736702745136,12.7664249459192,11.854690811195,0.697,4,4,10,10,10,10,4,4,28,66.6666666666667,"1"
"183","1754638","Oak Forest",10.2211409634839,10.0843937858652,11.2754928089216,0.478,8,8,2,2,5,5,6,6,21,47.2222222222222,"2"
"184","1754820","Oak Lawn",10.9744202720975,10.6004482621156,11.1469502645485,0.725,9,9,5,5,4,4,3,3,21,47.2222222222222,"2"
"185","1754885","Oak Park",10.9074777579405,10.5622739762253,11.4818990863651,0,9,9,4,4,7,7,10,10,30,72.2222222222222,"1"
"186","1754560","Oakbrook Terrace",7.91971976092457,12.182451161957,11.0278163197089,0.517,2,2,10,10,3,3,5,5,20,44.4444444444444,"3"
"187","1755041","Oakwood Hills",7.63819824428578,10.2467125537174,11.5557454621532,0,2,2,3,3,8,8,10,10,23,52.7777777777778,"2"
"188","1755639","Old Mill Creek",5.08759633523238,10.861713614498,11.519384560031,0,1,1,6,6,7,7,10,10,24,55.5555555555556,"2"
"189","1755938","Olympia Fields",8.45914025996762,10.8914975605053,11.4441111489699,0.102,3,3,6,6,6,6,9,9,24,55.5555555555556,"2"
"190","1756627","Orland Hills",8.83826168288565,10.702647840789,11.3185758603633,0,4,4,5,5,5,5,10,10,24,55.5555555555556,"2"
"191","1756640","Orland Park",10.9802461118356,11.2175204236165,11.3465874874775,0.032,9,9,8,8,5,5,10,10,32,77.7777777777778,"1"
"192","1756887","Oswego",10.4511753410347,10.7600792052689,11.4858625454205,0,8,8,6,6,7,7,10,10,31,75,"1"
"193","1757225","Palatine",11.1259091269305,10.6471593357745,11.3325420288065,0.051,9,9,5,5,5,5,10,10,29,69.4444444444444,"1"
"194","1757381","Palos Heights",9.39831260027895,10.7544839333455,11.4185598389345,0.055,6,6,6,6,6,6,10,10,28,66.6666666666667,"1"
"195","1757394","Palos Hills",9.82714631927941,10.067958268719,11.072309749579,0.031,7,7,2,2,3,3,10,10,22,50,"2"
"196","1757407","Palos Park",8.49678638163858,11.0564583759544,11.6441291505856,0,3,3,7,7,8,8,10,10,28,66.6666666666667,"1"
"197","1757654","Park City",8.97271749939714,9.30869916572544,10.8368320389761,0.49,4,4,1,1,1,1,6,6,12,22.2222222222222,"4"
"198","1757732","Park Forest",9.98446828166841,8.92536446685953,10.9401003163083,0.855,7,7,1,1,2,2,2,2,12,22.2222222222222,"4"
"199","1757875","Park Ridge",10.5879975397004,10.9292056165342,11.6422768836632,0,9,9,6,6,8,8,10,10,33,80.5555555555556,"1"
"200","1759052","Peotone",8.33086361322474,10.755362527785,11.2973283674114,0,3,3,6,6,5,5,10,10,24,55.5555555555556,"2"
"201","1759572","Phoenix",7.44307837434852,9.36745725716276,10.3240054632706,1,1,1,1,1,1,1,1,1,4,0,"4"
"202","1759988","Pingree Grove",9.24619002486988,10.1940424842429,11.4040365094613,0,5,5,3,3,6,6,10,10,24,55.5555555555556,"2"
"203","1760287","Plainfield",10.7091148441801,10.7309268796813,11.7847906066742,0,9,9,5,5,9,9,10,10,33,80.5555555555556,"1"
"204","1760352","Plano",9.37982994995476,10.4416202683391,11.2786324891774,0,6,6,4,4,5,5,10,10,25,58.3333333333333,"2"
"205","1760391","Plattville",5.39362754635236,10.2610669509689,11.3746169658345,0,1,1,3,3,6,6,10,10,20,44.4444444444444,"3"
"206","1761216","Port Barrington",7.36770857237437,10.450402827291,11.8812492963977,0.252,1,1,4,4,10,10,8,8,23,52.7777777777778,"2"
"207","1761314","Posen",8.63621989783788,9.80706152579673,10.7659132649181,1,4,4,1,1,1,1,1,1,7,8.33333333333333,"4"
"208","1761678","Prairie Grove",7.58222919427646,11.1697130410565,11.601906567443,0,2,2,8,8,8,8,10,10,28,66.6666666666667,"1"
"209","1762016","Prospect Heights",9.68396244674463,10.4436423530466,11.1913418408428,0.113,6,6,4,4,4,4,9,9,23,52.7777777777778,"2"
"210","1763641","Richmond",7.64444076155657,10.6939102113856,10.6979495760451,1,2,2,5,5,1,1,1,1,9,13.8888888888889,"4"
"211","1763706","Richton Park",9.45524541507191,9.87659283627233,11.0631479027692,0,6,6,2,2,3,3,10,10,21,47.2222222222222,"2"
"212","1764135","Ringwood",6.73815249459596,10.7742991847445,11.7320609948869,0,1,1,6,6,9,9,10,10,26,61.1111111111111,"2"
"213","1764304","River Forest",9.36879605766816,11.0547617776754,11.7383703661463,0,6,6,7,7,9,9,10,10,32,77.7777777777778,"1"
"214","1764343","River Grove",9.26974071525763,10.3964362237451,11.053948814507,0,5,5,4,4,3,3,10,10,22,50,"2"
"215","1764278","Riverdale",9.27453508401818,9.43886710091217,10.5546401763934,1,5,5,1,1,1,1,1,1,8,11.1111111111111,"4"
"216","1764421","Riverside",9.13755460225053,10.4699116693587,11.6980431090662,0,5,5,4,4,9,9,10,10,28,66.6666666666667,"1"
"217","1764538","Riverwoods",8.24012129807647,11.594356008018,12.3522357955208,0,3,3,9,9,10,10,10,10,32,77.7777777777778,"1"
"218","1764616","Robbins",8.44009614103127,9.19284483502575,10.4861220790486,1,3,3,1,1,1,1,1,1,6,5.55555555555556,"4"
"219","1764902","Rockdale",7.60688453121963,11.1935053108772,10.7011298744255,1,2,2,8,8,1,1,1,1,12,22.2222222222222,"4"
"220","1765338","Rolling Meadows",10.0941079121448,10.8816948425377,11.272241475679,0.004,7,7,6,6,5,5,10,10,28,66.6666666666667,"1"
"221","1765442","Romeoville",10.5932038543566,10.8386529264449,11.3607994008913,0,9,9,6,6,6,6,10,10,31,75,"1"
"222","1765806","Roselle",10.0387611765937,10.8069426201306,11.4346395465717,0,7,7,6,6,6,6,10,10,29,69.4444444444444,"1"
"223","1765819","Rosemont",8.28197705886776,12.7106770647052,10.9407916524758,1,3,3,10,10,2,2,1,1,16,33.3333333333333,"4"
"224","1766027","Round Lake",9.83740116740827,9.95966225381401,11.3211594493483,0.107,7,7,2,2,5,5,9,9,23,52.7777777777778,"2"
"225","1766040","Round Lake Beach",10.2128821918936,10.2940457911037,11.2542454054774,0.298,8,8,3,3,5,5,8,8,24,55.5555555555556,"2"
"226","1766053","Round Lake Heights",7.87169266432365,9.8292319604981,11.2156777876487,0,2,2,2,2,4,4,10,10,18,38.8888888888889,"3"
"227","1766066","Round Lake Park",8.94637482614172,9.56244453422712,10.7956700010663,0.071,4,4,1,1,1,1,10,10,16,33.3333333333333,"4"
"228","1767548","Sandwich",8.88474872645118,10.5843115649858,11.1642612067837,0,4,4,5,5,4,4,10,10,23,52.7777777777778,"2"
"229","1767769","Sauk Village",9.2024090016499,9.31332418889644,10.737721883951,1,5,5,1,1,1,1,1,1,8,11.1111111111111,"4"
"230","1768003","Schaumburg",11.2736906407561,11.4161418763496,11.3191829364608,0,10,10,9,9,5,5,10,10,34,83.3333333333333,"1"
"231","1768081","Schiller Park",9.36811305584872,10.9399379555821,10.9791211756338,1,6,6,7,7,2,2,1,1,16,33.3333333333333,"4"
"232","1769758","Shorewood",9.80840734628586,10.9791691080175,11.5744061908132,0,7,7,7,7,8,8,10,10,32,77.7777777777778,"1"
"233","1770122","Skokie",11.1246713935924,11.0528922355594,11.2215699871521,0.569,9,9,7,7,4,4,5,5,25,58.3333333333333,"2"
"234","1770161","Sleepy Hollow",8.07527154629746,10.5006452825027,11.7127676354822,0,2,2,4,4,9,9,10,10,25,58.3333333333333,"2"
"235","1770564","South Barrington",8.53247581494739,11.6628649371887,12.1213314170751,0,3,3,9,9,10,10,10,10,32,77.7777777777778,"1"
"236","1770629","South Chicago Heights",8.30052860619974,10.5555597285329,10.7215257802118,1,3,3,4,4,1,1,1,1,9,13.8888888888889,"4"
"237","1770720","South Elgin",10.08016822944,10.7571771528118,11.5047824000278,0.111,7,7,6,6,7,7,9,9,29,69.4444444444444,"1"
"238","1770850","South Holland",9.97417898065866,10.26388125396,11.1103412032365,0.127,7,7,3,3,3,3,9,9,22,50,"2"
"239","1772052","Spring Grove",8.61013693705898,10.7792023222848,11.7690472084616,0.237,3,3,6,6,9,9,8,8,26,61.1111111111111,"2"
"240","1766703","St. Charles",10.4067143784268,11.3316620632863,11.5367787009924,0.151,8,8,8,8,7,7,9,9,32,77.7777777777778,"1"
"241","1772520","Steger",9.16785032035523,9.70088246380652,10.8095663193339,0.441,5,5,1,1,1,1,6,6,13,25,"4"
"242","1772676","Stickney",8.86925752279729,9.98895621413238,11.1161128161412,1,4,4,2,2,3,3,1,1,10,16.6666666666667,"4"
"243","1772923","Stone Park",8.42858053305963,9.8260787547034,11.0620968151105,1,3,3,2,2,3,3,1,1,9,13.8888888888889,"4"
"244","1773157","Streamwood",10.5860034204274,10.4111674950176,11.3954586293174,0.045,9,9,4,4,6,6,10,10,29,69.4444444444444,"1"
"245","1773391","Sugar Grove",9.13540128531169,10.746714758756,11.6137386572068,0,5,5,5,5,8,8,10,10,28,66.6666666666667,"1"
"246","1773638","Summit",9.32018083765571,10.1089975824621,10.757306958485,1,5,5,2,2,1,1,1,1,9,13.8888888888889,"4"
"247","1774275","Symerton",4.85203026391962,11.4870847638909,11.1739500981309,0,1,1,9,9,4,4,10,10,24,55.5555555555556,"2"
"248","1775081","Third Lake",7.01301578963963,11.1198000918225,11.8131856008786,0,1,1,7,7,9,9,10,10,27,63.8888888888889,"2"
"249","1775185","Thornton",7.77737360265786,10.3509678675633,11.1041599163954,0.999,2,2,3,3,3,3,1,1,9,13.8888888888889,"4"
"250","1775484","Tinley Park",10.9325889784401,10.875076482723,11.3164603580546,0.188,9,9,6,6,5,5,9,9,29,69.4444444444444,"1"
"251","1775874","Tower Lakes",7.11151211649616,10.8701884981323,11.872346634577,0,1,1,6,6,10,10,10,10,27,63.8888888888889,"2"
"252","1776160","Trout Valley",6.24416690066374,10.7012537457531,12.1559944021428,0,1,1,5,5,10,10,10,10,26,61.1111111111111,"2"
"253","1776706","Union",6.31173480915291,11.0711488192035,11.4685032474175,0,1,1,7,7,7,7,10,10,25,58.3333333333333,"2"
"254","1776935","University Park",8.87416809036397,10.0413285346089,11.039042320126,0.077,4,4,2,2,3,3,10,10,19,41.6666666666667,"3"
"255","1777694","Vernon Hills",10.198021099937,11.5700244869782,11.5201493100595,0.012,8,8,9,9,7,7,10,10,34,83.3333333333333,"1"
"256","1777993","Villa Park",10.0106813866382,10.9111640599735,11.2811699368075,0.262,7,7,6,6,5,5,8,8,26,61.1111111111111,"2"
"257","1778175","Virgil",5.66642668811243,10.3932203405743,11.3305999081683,0,1,1,4,4,5,5,10,10,20,44.4444444444444,"3"
"258","1778227","Volo",8.71964411950536,10.6269310092667,11.5450440948517,0,4,4,5,5,7,7,10,10,26,61.1111111111111,"2"
"259","1778370","Wadsworth",8.16536363247398,10.9042479912896,11.5259107895275,0,2,2,6,6,7,7,10,10,25,58.3333333333333,"2"
"260","1778929","Warrenville",9.51436320401602,10.8925075182812,11.3674602900383,0,6,6,6,6,6,6,10,10,28,66.6666666666667,"1"
"261","1779267","Wauconda",9.55279468027494,10.6403906296811,11.4077760381427,0.343,6,6,5,5,6,6,7,7,24,55.5555555555556,"2"
"262","1779293","Waukegan",11.3999919015923,10.15240884097,10.8926197405854,0.627,10,10,3,3,2,2,4,4,19,41.6666666666667,"3"
"263","1779397","Wayne",7.73455884435476,11.1080950897597,11.7958085406353,0,2,2,7,7,9,9,10,10,28,66.6666666666667,"1"
"264","1780060","West Chicago",10.150894355986,10.6683921037948,11.2528326188777,0.716,8,8,5,5,5,5,3,3,21,47.2222222222222,"2"
"265","1780125","West Dundee",8.94715577112479,10.8863893830505,11.4690467200116,0,4,4,6,6,7,7,10,10,27,63.8888888888889,"2"
"266","1780047","Westchester",9.73459541605383,10.5708966788943,11.394828630084,0,7,7,5,5,6,6,10,10,28,66.6666666666667,"1"
"267","1780242","Western Springs",9.51995515442751,11.0446584992774,12.1249276639092,0,6,6,7,7,10,10,10,10,33,80.5555555555556,"1"
"268","1780645","Westmont",10.1035262301352,11.2605086352645,11.1548495401159,0.092,7,7,8,8,4,4,10,10,29,69.4444444444444,"1"
"269","1781048","Wheaton",10.8961836156127,10.8843083296226,11.5689654758529,0.169,9,9,6,6,8,8,9,9,32,77.7777777777778,"1"
"270","1781087","Wheeling",10.574823590082,10.6567923719103,11.1839490642439,0.482,9,9,5,5,4,4,6,6,24,55.5555555555556,"2"
"271","1782049","Willow Springs",8.67539280608978,10.4900479000186,11.4994754172458,0.132,4,4,4,4,7,7,9,9,24,55.5555555555556,"2"
"272","1781919","Willowbrook",9.13086417047439,11.4817236155279,11.3663262012958,0,5,5,9,9,6,6,10,10,30,72.2222222222222,"1"
"273","1782075","Wilmette",10.2460128608704,11.3211133983794,11.9938999437667,0,8,8,8,8,10,10,10,10,36,88.8888888888889,"1"
"274","1782101","Wilmington",8.64188563537355,10.6746032041631,10.9595402267854,0,4,4,5,5,2,2,10,10,21,47.2222222222222,"2"
"275","1782400","Winfield",9.19370273082316,10.7189870594315,11.7399096316704,0.092,5,5,5,5,9,9,10,10,29,69.4444444444444,"1"
"276","1782530","Winnetka",9.45281585158988,11.7555255785127,12.4292201968364,0,6,6,10,10,10,10,10,10,36,88.8888888888889,"1"
"277","1782686","Winthrop Harbor",8.81060879571578,10.1103379307175,11.3205535723228,0,4,4,2,2,5,5,10,10,21,47.2222222222222,"2"
"278","1782855","Wonder Lake",8.2872767558146,10.0458593344359,11.3380719527838,0,3,3,2,2,5,5,10,10,20,44.4444444444444,"3"
"279","1782985","Wood Dale",9.54766938431738,11.1487130042846,11.2321660422571,0.662,6,6,8,8,4,4,4,4,22,50,"2"
"280","1783245","Woodridge",10.4387520981791,10.8576546930254,11.3941757121934,0,8,8,6,6,6,6,10,10,30,72.2222222222222,"1"
"281","1783349","Woodstock",10.1515188193581,10.5446487506554,11.1486502836869,0,8,8,4,4,4,4,10,10,26,61.1111111111111,"2"
"282","1783518","Worth",9.30291955326928,10.0902246465423,10.9931263664051,0,5,5,2,2,2,2,10,10,19,41.6666666666667,"3"
"283","1784038","Yorkville",9.97734192110661,10.6076593175353,11.5252986010334,0,7,7,5,5,7,7,10,10,29,69.4444444444444,"1"
"284","1784220","Zion",10.1127349986582,9.94430237412455,10.9476260558165,0.495,8,8,2,2,2,2,6,6,18,38.8888888888889,"3"
